TestId,ESVId,sequence,Kingdom,Phylum,Class,Order,Family,Genus,Species,% match,# species,04Q3DGUX.1,VUKMSLPR.0,9CXHHFVN.0,3CHOPUC7.0,M8XO50RP.0,RJRB1V9F.0,0XUIGO0E.0,
23S,ESV_143292,GCTTCACTGCATCTTGGGATTGAATCTGGTCTTTACTTGCGCAGAATAGGTGGGAGGCATTGAAAAAGGTCTTGTGGGATCTTTGGAGCCAATTGTGAGATACCACTCTTTTAAAGCTCGGATTCTCACTCTCTACCGTAATCCGGGGAGAGGACACTCCCAGGTGGGCAGTTTGACTGGGGCGGTCGCCTCCTAAAAGGTAACGGAGGCGCACAAAGGTTTCCTCAGATCGGATAGAAATCGATCGAAGAGTGTAAAGGCAAAAGGAAGCTTGACTGCGAGACGTACAAGTCAAGCAGAGACGAAAGTCGGTCTTAGTGATCCGACGATCCTG,Eukaryota,unk_phylum,Eustigmatophyceae,Eustigmatales,Monodopsidaceae,,,99.7,5,8984,0,0,0,0,0,0
23S,ESV_000507,GCTTTACTGTAACTTGAAATTGAAATTGGACTTTATTTGCGCAGTATAGGTGGGAGGCGTTGAGAGTATTCTTGCGGGAATATTGGAGCCATCAGTGAGATACCACTCTTGTAATGTTAGATTTCTAACTTTGAATCATTATCTGGTCAAAGGACAGTTTCAGGCGGGCAGTTTGACTGGGGCGGTCGCCTCCTAAACGGTAACGGAGGCGTACAAAGGTTTCCTCTGAACGGGTAGAAATCGTATCTAGAGTGTAAAGGCATAAGGAAGCTTGACTGTGAGACCTACAAGTCGAGCAGGGACGAAAGTCGGTCTTAGTGATCTGACGGTGCTG,Eukaryota,Bacillariophyta,Bacillariophyceae,Naviculales,Sellaphoraceae,Sellaphora,,99.1,8,298,0,0,0,0,0,0
23S,ESV_000028,GCTTTACTGTAACTTGAAATTGAAATTGGACTTTATTCGCGCAGTATAGGTGGGAGGCGTTGATTATAATCTTGCGGGATTATTGGAGCCATCAGTGAGATACCACTCTTGTAATGTTAGATTTCTAACTTTGAATCATTATCTGGTCAAAGGACAGTTTCAGGCGGGCAGTTTGACTGGGGCGGTCGCCTCCTAAACGGTAACGGAGGCGTACAAAGGTTTCCTCTGAACGGGTAGAAATCGTATCTAGAGTGTAAAGGCATAAGGAAGCTTGACTGTGAGACCTACAAGTCGAGCAGGGACGAAAGTCGGTCTTAGTGATCTGACGGTACTG,Eukaryota,Bacillariophyta,Coscinodiscophyceae,Thalassiosirales,Thalassiosiraceae,Thalassiosira,Thalassiosira pseudonana,100,1,282,0,0,0,0,0,0
23S,ESV_071166,GCTTGACTGTATCCTGGAATTGGGTTCGGGCTTTTCTTGCGCAGCCTAGGTGGGAGGCTTTGAAGGTTCCCTTCCGGGGGAATCTGAGCCGTCATTGAGAGACCACTCTGGAAGAGCTAGAATCCTAATGGTGATCTTTGAATCAAGACACTTGACAGTTTCAGGTGGGCAGTTTATCTGGGGCGGATACCTCCCAAAAGGTAACGGAGGTGTGCAAAGGTTCCCTCAGTCTGGACGGAAATCAGACATTGAGTGTAAAGGCAAAAGGGAGCTTGACTGCAAGACCTACAAGTCGAGCAGGGGCGAAAGCCGGCCTTAGTGATCCGACGGTTCCG,Eukaryota,Chlorophyta,Chlorophyceae,Chlamydomonadales,Chlamydomonadaceae,Chloromonas,Chloromonas perforata,100,1,83,0,0,0,0,0,0
23S,ESV_033867,GCTTTACTGTAACTTGAAATTGAAATTGGACTTTATTCGCGCAGTATAGGTGGGAGGCGTTGATTATAATCTTGCGGGATTATTGGAGTCATCAGTGAGATACCACTCTTGTAATGTTAGATTTCTAACTTTGAATCATTATCTGGTCAAAGGACAGTTTCAGGCGGGCAGTTTGACTGGGGCGGTCGCCTCCTAAACGGTAACGGAGGCGTACAAAGGTTTCCTCTGAACGGGTAGAAATCGTATCTAGAGTGTAAAGGCATAAGGAAGCTTGACTGTGAGACCTACAAGTCGAGCAGGGACGAAAGTCGGTCTTAGTGATCTGACGGTACTG,Eukaryota,Bacillariophyta,Coscinodiscophyceae,,,,,99.7,4,73,0,0,0,0,0,0
23S,ESV_035460,GCTTTACTGTAACTTGAAATTGAAATTGGACTTTATTTGCGCAGTATAGGTGGGAGGCGTTGAGAGTATTCTTGCGGGAATATTGGAGCCATCAGTGAGATACCACTCTTGTAATGTTAGATTTCTAACTTTGAATCATTATCTGGTCAAAGGACAGTTTCAGGCGGGCAGTTTGACTGGGGCGGTCGCCTCCTAAACGGTAACGGAGGCGTACAAAGGTTTCCTCTGAACGGGTAGAAATCGTATCTAGAGTGTAAAGGCATAAGGAAGCTTGACTGTGAGACCTACAAGTCGAGCAGGGACGAAAGTCGGTCTTAGTGATCTGACGGTACTG,Eukaryota,Bacillariophyta,Bacillariophyceae,Naviculales,,,,98.8,9,66,0,0,0,0,0,0
23S,ESV_199148,GCTTTACTGTAACTTGAAATTGAAATTGGACTTTATTTGCGCAGTATAGGTGGGAGGCGTTGAGAGTATTCTTGCGGGAATATTGGAGCCATCAGTGAGATACCACTCTTGTAATGTTAGATTTCTAACTTTGAATCATTATCTGGTCAAAGGACAGTTTCAGGCGGGCAGTTTGACTGGGGCGGTCGCCTCCTAAAAGGTAACGGAGGCGCACAAAGGTTTCCTCAGATCGGATAGAAATCGATCGAAGAGTGTAAAGGCAAAAGGAAGCTTGACTGCGAGACGTACAAGTCAAGCAGAGACGAAAGTCGGTCTTAGTGATCCGACGATCCTG,Eukaryota,Bacillariophyta,Bacillariophyceae,,,,,93.7,19,64,0,0,0,0,0,0
23S,ESV_164494,GCTTCACTGCATCTTGGGATTGAATCTGGTCTTTACTTGCGCAGAATAGGTGGGAGGCATTGAAAAAGGTCTTGTGGGATCTTTGGAGCCAATTGTGAGATACCACTCTTTTAAAGCTCGGATTCTCACTCTCTACCGTAATCCGGGGAGAGGACACTCCCAGGTGGGCAGTTTGACTGGGGCGGTCGCCTCCTAAACGGTAACGGAGGCGTACAAAGGTTTCCTCTGAACGGGTAGAAATCGTATCTAGAGTGTAAAGGCATAAGGAAGCTTGACTGTGAGACCTACAAGTCGAGCAGGGACGAAAGTCGGTCTTAGTGATCTGACGGTACTG,Eukaryota,unk_phylum,Eustigmatophyceae,Eustigmatales,Monodopsidaceae,,,94.3,5,58,0,0,0,0,0,0
23S,ESV_000200,GCTTTACTGTAACTTGAAATTGAAATTGGACTTTATTCGCGCAGTATAGGTGGGAGGCGTTGATTATAATCTTGCGGGATTATTGGAGCCATCAGTGAGATACCACTCTTGTAATGTTAGATTTCTAACTTTGAATCATTATCTGGTCAAAGGACAGTTTCAGGCGGGCAGTTTGACTGGGGCGGTCGCCTCCTAAACGGTAACGGAGGCGTACAAAGGTTTCCTCTGAACGGGTAGAAATCGTATCTAGAGTGTAAAGGCATAAGGAAGCTTGACTGTGAGACCTACAAGTCGAGCAGGGACGAAAGTCGGTCTTAGTGATCTGACGGTGCTG,Eukaryota,Bacillariophyta,Coscinodiscophyceae,,,,,99.7,4,51,0,0,0,0,0,0
23S,ESV_199149,GCTTCACTGCATCTTGGGATTGAATCTGGTCTTTACTTGCGCAGAATAGGTGGGAGGCATTGAAAAAGGTCTTGTGGGATCTTTGGAGCCAATTGTGAGATACCACTCTTTTAAAGCTCGGATTCTCACTCTCTACCGTAATCCGGGGAGAGGACACTCCCAGGTGGGCAGTTTGACTGGGGCGGTCGCCTCCTAAACGGTAACGGAGGCGTACAAAGGTTTCCTCTGAACGGGTAGAAATCGTATCTAGAGTGTAAAGGCATAAGGAAGCTTGACTGTGAGACCTACAAGTCGAGCAGGGACGAAAGTCGGTCTTAGTGATCTGACGGTGCTG,Eukaryota,unk_phylum,Eustigmatophyceae,Eustigmatales,Monodopsidaceae,,,94.3,5,50,0,0,0,0,0,0
23S,ESV_104553,GCTTGACTGTATCCTGGAATTGGGTTCGGGCTTTTCTTGCGCAGCCTAGGTGGGAGGCTATGAAGATTCCCTTCCGGGGGAATCAGAGCCGTCATTGAGAGACCACTCTGGAAGAGCTAGAATCCTAATGGTGATCTTTGAATCAAGACGCTTGACAGTTTCAGGTGGGCAGTTTATCTGGGGCGGATACCTCCTAAAAGGTAACGGAGGTGTGCAAAGGTTCCCTCAGTCTGGACGGAAATCAGACATTGAGTGTAAAGGCAAAAGGGAGCTTGACTGCAAGACCTACAAGTCGAGCAGGGGCGAAAGCCGGCCTTAGTGATCCGACGGTTCCG,Eukaryota,Chlorophyta,Chlorophyceae,Chlamydomonadales,,,,98.5,3,41,0,0,0,0,0,0
23S,ESV_199150,GCTTTACTGTAACTTGAAATTGAAATTGGACTTTATTTGCGCAGTATAGGTGGGAGGCGTTGAGAGTATTCTTGCGGGAATATTGGAGCCATCAGTGAGATACCACTCTTGTAATGTTAGATTTCTAACTTTGAATCATTATCTGGTCAAAGGACAGTTTCAGGCGGGCAGTTTGACTGGGGCGGTCGCCTCCTAAACGGTAACGGAGGCGTACAAAGGTTTCCTCTGAACGGGTAGAAATCGTATCTAGAGTGTAAAGGCATAAGGAAGCTTGACTGTGAGACCTACAAGTCGAGCAGGGACGAAAGTCGGTCTTAGTGATCCGACGATCCTG,Eukaryota,Bacillariophyta,Bacillariophyceae,Naviculales,,,,98.2,9,36,0,0,0,0,0,0
23S,ESV_199151,GCTTTACTGTAACTTGAAATTGAAATTGGACTTTATTTGCGCAGTATAGGTGGGAGGCGTTGAGAGTATTCTTGCGGGAATATTGGAGCCATCAGTGAGATACCACTCTTGTAATGTTAGATTTCTAACTTTGAATCATTATCTGGTCAAAGGACAGTTTCAGGCGGGCAGTTTGACTGGGGCGGTCGCCTCCTAAACGGTAACGGAGGCGTACAAAGGTTTCCTCAGATCGGATAGAAATCGATCGAAGAGTGTAAAGGCAAAAGGAAGCTTGACTGCGAGACGTACAAGTCAAGCAGAGACGAAAGTCGGTCTTAGTGATCCGACGATCCTG,Eukaryota,Bacillariophyta,Bacillariophyceae,Naviculales,,,,94.3,9,30,0,0,0,0,0,0
23S,ESV_063117,GCTTTACTGTAACTTGAAATTGAAATTGGACTTTATTCGCGCAGTATAGGTGGGAGGCGTTGATTATAATCTTGCGGGATTATTGGAGCCATCAGTGAGATACCACTCTTGTAATGTTAGATTTCTAACTTTGAATCATTATCTGGTCAAAGGACAGTTTCAGGCGGGCAGTTTGACTGGGGCGGTCGCCTCCTAAAAGGTAACGGAGGCGCACAAAGGTTTCCTCAGATCGGATAGAAATCGATCGAAGAGTGTAAAGGCAAAAGGAAGCTTGACTGCGAGACGTACAAGTCAAGCAGAGACGAAAGTCGGTCTTAGTGATCCGACGATCCTG,Eukaryota,Bacillariophyta,Coscinodiscophyceae,Thalassiosirales,,,,94.6,12,30,0,0,0,0,0,0
23S,ESV_178628,GCTTTACTGTAACTTGAAATTGAAATTGGACTTTATTCGCGCAGTATAGGTGGGAGGCGTTGATTATAATCTTGCGGGATTATTGGAGCCATCAGTGAGATACCACTCTTGTAATGTTAGATTTCTAACTTTGAATCATTATCTGGTCAAAGGACAGTTTCAGGCGGGCAGTTTGACTGGGGCGGTCGCCTCCTAAACGGTAACGGAGGCGTACAAAGGTTTCCTCTGAACGGGTAGAAATCGTATCTAGAGTGTAAAGGCATAAGGAAGCTTGACTGTGAGACCTACAAGTCGAGCAGGGACGAAAGTCGGTCTTAGTGATCCGACGATCCTG,Eukaryota,Bacillariophyta,Coscinodiscophyceae,,,,,99.1,4,28,0,0,0,0,0,0
23S,ESV_103020,GCTTTACTGTAACTTGAAATTGAAATTGGACTTTATTCGCGCAGTATAGGTGGGAGGCGTTGATTATAATCTTGCGGGATTATTGGAGCCATCAGTGAGATACCACTCTTGTAATGTTAGATTTCTAACTTTGAATCATTATCTGGTCAAAGGACAGTTTCAGGCGGGCAGTTTGACTGGGGCGGTCGCCTCCTAAACGGTAACGGAGGCGTACAAAGGTTTCCTCAGATCGGATAGAAATCGATCGAAGAGTGTAAAGGCAAAAGGAAGCTTGACTGCGAGACGTACAAGTCAAGCAGAGACGAAAGTCGGTCTTAGTGATCCGACGATCCTG,Eukaryota,Bacillariophyta,Coscinodiscophyceae,,,,,95.2,9,26,0,0,0,0,0,0
23S,ESV_164518,GCTTCACTGCATCTTGGGATTGAATCTGGTCTTTACTTGCGCAGAATAGGTGGGAGGCATTGAAAAAGGTCTTGTGGGATCTTTGGAGCCAATTGTGAGATACCACTCTTTTAAAGCTCGGATTCTCACTCTCTACCGTAATCCGGGGAGAGGACACTCCCAGGTGGGCAGTTTGACTGGGGCGGTCGCCTCCTAAAAGGTAACGGAGGCGCACAAAGGTTTCCTCAGATCGGATAGAAATCGATCGAAGAGTGTAAAGGCAAAAGGAAGCTTGACTGCGAGACGTACAAGTCAAGCAGAGACGAAAGTCGGTCTTAGTGATCTGACGGTGCTG,Eukaryota,unk_phylum,Eustigmatophyceae,Eustigmatales,Monodopsidaceae,,,98.8,5,26,0,0,0,0,0,0
23S,ESV_164507,GCTTCACTGCATCTTGGGATTGAATCTGGTCTTTACTTGCGCAGAATAGGTGGGAGGCATTGAAAAAGGTCTTGTGGGATCTTTGGAGCCAATTGTGAGATACCACTCTTTTAAAGCTCGGATTCTCACTCTCTACCGTAATCCGGGGAGAGGACACTCCCAGGTGGGCAGTTTGACTGGGGCGGTCGCCTCCTAAAAGGTAACGGAGGCGCACAAAGGTTTCCTCAGATCGGATAGAAATCGATCGAAGAGTGTAAAGGCAAAAGGAAGCTTGACTGCGAGACGTACAAGTCAAGCAGAGACGAAAGTCGGTCTTAGTGATCTGACGGTACTG,Eukaryota,unk_phylum,Eustigmatophyceae,Eustigmatales,Monodopsidaceae,,,98.8,5,25,0,0,0,0,0,0
23S,ESV_199152,GCTTTACTGTAACTTGAAATTGAAATTGGACTTTATTTGCGCAGTATAGGTGGGAGGCGTTGAGAGTATTCTTGCGGGAATATTGGAGCCATCAGTGAGATACCACTCTTGTAATGTTAGATTTCTAACTTTGAATCATTATCTGGTCAAAGGACAGTTTCAGGCGGGCAGTTTGACTGGGGCGGTCGCCTCCTAAACGGTAACGGAGGCGCACAAAGGTTTCCTCAGATCGGATAGAAATCGATCGAAGAGTGTAAAGGCAAAAGGAAGCTTGACTGCGAGACGTACAAGTCAAGCAGAGACGAAAGTCGGTCTTAGTGATCCGACGATCCTG,Eukaryota,Bacillariophyta,Bacillariophyceae,Naviculales,,,,94,16,22,0,0,0,0,0,0
23S,ESV_000096,GCTTTACTGTAACTTGAAATTGAAATTGGACTTTACTTGCGCAGTATAGGTGGGAGGCGTTGAGTTTATTCTTGCGGGAATTTAGGAGCCATCAGTGAGATACCACTCTGGTAATGTTAGATTTCTAACTTTGTATCATAATCTGGTCAAAGGACAGTTTCAGGCGGGCAGTTTGACTGGGGCGGTCGCCTCCTAAATGGTAACGGAGGCGTACAAAGGTTTCCTCTGAACGTGTAGAAATCGTATCTAGAGTATAAAGGCATAAGGAAGCTTGACTGTGAGACTTACAAGTCGAGCAGGGACGAAAGTCGGTCTTAGTGATCTGACGGTGCTG,Eukaryota,Bacillariophyta,Bacillariophyceae,,,,,100,2,21,0,0,0,0,0,0
23S,ESV_127259,GCTTGACTGTAGCTTGTAATTGGGTTCGGGCTTTTTTTGCGCAGTCTAGGTGGGAGGCATTGATAATTTTCTTCTGGGAAAATTGGAGCCGTTCGTGAGAGACCACTCTGAAAGAGCTAGAATTCTAATAATGATCCTTGAATCAGGACATTTGACAGTTGCAGGTGGGCAGTTTGACTGGGGCGGTCGCCTCCTAAAAAGTAACGGAGGCGTGCAAAGGTTCCCTCAAGCTGGACGGAAATCAGCTTAAGAGTGTAAAGGCAAAAGGGAGCTTGACTGCAAGACCTACAAGTCGAGCAGGGGCGAAAGCCGGCCTTAGTGATCCGACGGTACCG,Eukaryota,Chlorophyta,Trebouxiophyceae,Chlorellales,Chlorellaceae,Nannochloris,Nannochloris normandinae,98.5,1,18,0,0,0,0,0,0
23S,ESV_002657,CCTTTACTATAGCTTCGCCTTGGCGTTAGCGACCGTATGTGTAGGATAGGTGGGAGGCTATGAAACCGGGGCGCCAGCTCTGGTGGAGCCATCCTTGAAATACCACCCTTACTGTCGTTGACGTCTAACCGAGGACCGTTATCCGGTCCCGGGACATGGCGTGGTGGGTAGTTTGACTGGGGCGGTCGCCTCCTAAAGTGTAACGGAGGCGCGCGATGGTGGGCTCAGACCGGTCGGAAATCGGTCGTCGAGTGCAATGGCATAAGCCCGCCTGACTGCGAGACTGACAAGTCGAGCAGAGACGAAAGTCGGCCATAGTGATCCGGTGGTCCCG,,,,,,,,,,18,0,0,0,0,0,0
23S,ESV_127998,GCTTTACTGTAACTTGAAATTGAAATTGGACTTTATTCGCGCAGTATAGGTGGGAGGCGTTGATTATAATCTTGCGGGATTATTGGAGCCATCAGTGAGATACCACTCTTGTAATGTTAGATTTCTAACTTTGAATCATTATCTGGTCAAAGGACAGTTTCAGGCGGGCAGTTTGACTGGGGCGGTCGCCTCCTAAACGGTAACGGAGGCGCACAAAGGTTTCCTCAGATCGGATAGAAATCGATCGAAGAGTGTAAAGGCAAAAGGAAGCTTGACTGCGAGACGTACAAGTCAAGCAGAGACGAAAGTCGGTCTTAGTGATCCGACGATCCTG,Eukaryota,Bacillariophyta,Coscinodiscophyceae,,,,,94.9,9,18,0,0,0,0,0,0
23S,ESV_199153,GCTTCACTGCCTCTTGGGATTGACTCTGGTCTTTACTTGCGCAGAATAGGTGGGAGGCATTGAAAAAGGTCTTGTGGGATCTTTGGAGCCAATTGTGAGATACCACTCTTTTAAAGCTCGGATTCTCACTCTCTACCGTAATCCGGGGAGAGGACACTCCCAGGTGGGCAGTTTGACTGGGGCGGTCGCCTCCTAAAAGGTAACGGAGGCGCACAAAGGTTTCCTCAGATCGGATAGAAATCGATCGAAGAGTGTAAAGGCAAAAGGAAGCTTGACTGCGAGACGTACAAGTCAAGCAGAGACGAAAGTCGGTCTTAGTGATACGACGATCATG,Eukaryota,unk_phylum,Eustigmatophyceae,Eustigmatales,Monodopsidaceae,,,98.5,5,15,0,0,0,0,0,0
23S,ESV_035237,GCTTTACTGTAACTTGAAATTGAAATTGGACTTTATTCGCGCAGTATAGGTGGGAGGCGTTGATTATAATCTTGCGGGATTATTGGAGTCATCAGTGAGATACCACTCTTGTAATGTTAGATTTCTAACTTTGAATCATTATCTGGTCAAAGGACAGTTTCAGGCGGGCAGTTTGACTGGGGCGGTCGCCTCCTAAACGGTAACGGAGGCGTACAAAGGTTTCCTCTGAACGGGTAGAAATCGTATCTAGAGTGTAAAGGCATAAGGAAGCTTGACTGTGAGACCTACAAGTCGAGCAGGGACGAAAGTCGGTCTTAGTGATCTGACGGTGCTG,Eukaryota,Bacillariophyta,Coscinodiscophyceae,,,,,99.4,4,13,0,0,0,0,0,0
23S,ESV_061062,GCTTGACTGTATCCTGGAATTGGGTTCGGGCTTTTCTTGCGCAGCCTAGGTGGGAGGCTTTGAAGATTTCCTTCCGGGGAAGTTGGAGCCATCAGTGAGAGACCACTCTGGAAGAGCTAGAATCCTAATGGTGATCTTTGAATCAAGACACTTGACAGTTTCAGGTGGGCAGTTTATCTGGGGCGGATGCCTCATAAAGCGTAACTGAGGCGTGCAATGGTTCTCTCAGTCTGGACGGAAATCAGACATTGAGTGCAAAGGCAAAAGAGAGCTTGACTGTAAGACCAACAAGTCGAGCAGGGGCGAAAGCCGGCCTTAGTGATCCGACGGTGCCG,Eukaryota,Chlorophyta,Chlorophyceae,Chlamydomonadales,Chlorococcaceae,Chlorococcum,Chlorococcum echinozygotum,99.7,1,12,0,0,0,0,0,0
23S,ESV_199154,GCTTTACTGTAACTTGAAATTGAAATTGGACTTTATTTGCGCAGTATAGGTGGGAGGCGTTGAGAGTATTCTTGCGGGAATATTGGAGCCATCAGTGAGATACCACTCTTGTAATGTTAGATTTCTAACTTTGAATCATTATCTGGTCAAAGGACAGTTTCAGGCGGGCAGTTTGACTGGGGCGGTCGCCTCCTAAACGGTAACGGAGGCGTACAAAGGTTTCCTCTGAACGGGTAGAAATCGTATCTAGAGTGTAAAGGCATAAGGAAGCTTGACTGCGAGACCTACAAGTCGAGCAGGGACGAAAGTCGGTCTTAGTGATCTGACGGTGCTG,Eukaryota,Bacillariophyta,Bacillariophyceae,Naviculales,Sellaphoraceae,Sellaphora,,98.8,8,12,0,0,0,0,0,0
23S,ESV_031530,GCTTTACTGTAACTTGAAATTGAAATTGGACTTTACTTGCGCAGTATAGGTGGGAGGCGTTGAGTTGATTCTTGCGGGAATCAAGGAGCCATCAGTGAGATACCACTCTGGTAATGTTAGATTTCTAACTTTGTATCATAATCTGGTCAAAGGACAGTTTCAGGCGGGCAGTTTGACTGGGGCGGTCGCCTCCTAAATGGTAACGGAGGCGTACAAAGGTTTCCTCTGAACGTGTAGAAATCGTATCTAGAGTATAAAGGCATAAGGAAGCTTGACTGTGAGACTTACAAGTCGAGCAGGGACGAAAGTCGGTCTTAGTGATCTGACGGTGCTG,Eukaryota,Bacillariophyta,Bacillariophyceae,Bacillariales,Bacillariaceae,Nitzschia,,99.1,8,11,0,0,0,0,0,0
23S,ESV_199155,GCTTCACTGCATCTTGGGATTGAATCTGGTCTTTACTTGCGCAGAATAGGTGGGAGGCATTGAAAAAGGTCTTGTGGGATCTTTGGAGCCAATTGTGAGATACCACTCTTTTAAAGCTCGGATTCTCACTCTCTACCGTAATCCGGGGAGAGGACACTCCCAGGTGGGCAGTTTGACTGGGGCGGTCGCCTCCTAAACGGTAACGGAGGCGTACAAAGGTTTCCTCTGAACGGGTAGAAATCGTATCTAGAGTGTAAAGGCATAAGGAAGCTTGACTGTGAGACCTACAAGTCGAGCAGGGACGAAAGTCGGTCTTAGTGATCCGACGATCCTG,Eukaryota,unk_phylum,Eustigmatophyceae,Eustigmatales,Monodopsidaceae,,,95.2,5,11,0,0,0,0,0,0
23S,ESV_199156,GCTTTACTGTAACTTGAAATTGAAATTGGACTTTATTCGCGCAGTATAGGTGGGAGGCGTTGATTATAATCTTGCGGGATTATTGGAGTCATCAGTGAGATACCACTCTTGTAATGTTAGATTTCTAACTTTGAATCATTATCTGGTCAAAGGACAGTTTCAGGCGGGCAGTTTGACTGGGGCGGTCGCCTCCTAAAAGGTAACGGAGGCGCACAAAGGTTTCCTCAGATCGGATAGAAATCGATCGAAGAGTGTAAAGGCAAAAGGAAGCTTGACTGCGAGACGTACAAGTCAAGCAGAGACGAAAGTCGGTCTTAGTGATCCGACGATCCTG,Eukaryota,Bacillariophyta,Coscinodiscophyceae,Thalassiosirales,,,,94.3,12,11,0,0,0,0,0,0
23S,ESV_199157,GCTTCACTGCATCTTGGGATTGACTCTGGTCTTTACTTGCGCAGAATAGGTGGGAGGCATTGAAAAAGGTCTTGTGGGATCTTTGGAGCCAATTGTGAGATACCACTCTTTTAAAGCTCGGATTCTCACTCTCTACCGTAATCCGGGGAGAGGACACTCCCAGGTGGGCAGTTTGACTGGGGCGGTCGCCTCCTAAAAGGTAACGGAGGCGCACAAAGGTTTCCTCAGATCGGATAGAAATCGATCGAAGAGTGTAAAGGCAAAAGGAAGCTTGACTGCGAGACGTACAAGTCAAGCAGAGACGAAAGTCGGTCTTAGTGATCCGACGATCATG,Eukaryota,unk_phylum,Eustigmatophyceae,Eustigmatales,Monodopsidaceae,,,99.1,5,9,0,0,0,0,0,0
23S,ESV_105311,GCTTTACTGTAACTTGAAATTGAAATTGGACTTTACTTGCGCAGTATAGGTGGGAGGCGTTGAGTTTATTCTTGCGGGAATTTAGGAGCCATCAGTGAGATACCACTCTGGTAATGTTAGATTTCTAACTTTGTATCATAATCTGGTCAAAGGACAGTTTCAGGCGGGCAGTTTGACTGGGGCGGTCGCCTCCTAAAAGGTAACGGAGGCGCACAAAGGTTTCCTCAGATCGGATAGAAATCGATCGAAGAGTGTAAAGGCAAAAGGAAGCTTGACTGCGAGACGTACAAGTCAAGCAGAGACGAAAGTCGGTCTTAGTGATCCGACGATCCTG,Eukaryota,Bacillariophyta,Bacillariophyceae,Bacillariales,Bacillariaceae,,,94,15,8,0,0,0,0,0,0
23S,ESV_000312,GCTTTACTGTTCCCTGGGATTGGCTTTGGGCCTTTCCTGCGCAGCTTAGGTGGAAGGCGAAGAAGGCCTCCTTCCGGGGGGGCCCGAGCCATCAGTGAGATACCACTCTGGAAGAGCTAGAATTCTAACCTTGTGTCAGGACCTACGGGCCAAGGGACAGTCTCAGGTAGACAGTTTCTATGGGGCGTAGGCCTCCCAAAAGGTAACGGAGGCGTGCAAAGGTTTCCTCGGGCCGGACGGAGATTGGCCCTCGAGTGCAAAGGCAGAAGGGAGCTTGACTGCAAGACCCACCCGTCGAGCAGGGACGAAAGTCGGCCTTAGTGATCCGACGGTGCCG,Eukaryota,Streptophyta,Magnoliopsida,,,,,100,99,8,0,0,0,0,0,0
23S,ESV_199158,GCTTTACTGTAACTTGAAATTGAAATTGGACTTTATTCGCGCAGTATAGGTGGGAGGCGTTGATTATAATCTTGCGGGATTATTGGAGTCATCAGTGAGATACCACTCTTGTAATGTTAGATTTCTAACTTTGAATCATTATCTGGTCAAAGGACAGTTTCAGGCGGGCAGTTTGACTGGGGCGGTCGCCTCCTAAACGGTAACGGAGGCGTACAAAGGTTTCCTCAGATCGGATAGAAATCGATCGAAGAGTGTAAAGGCAAAAGGAAGCTTGACTGCGAGACGTACAAGTCAAGCAGAGACGAAAGTCGGTCTTAGTGATCCGACGATCCTG,Eukaryota,Bacillariophyta,Coscinodiscophyceae,,,,,94.9,9,8,0,0,0,0,0,0
