TestId,ESVId,sequence,Kingdom,Phylum,Class,Order,Family,Genus,Species,% match,# species,3CHOPUC7.1,04Q3DGUX.1,M8XO50RP.0,RJRB1V9F.0,9CXHHFVN.0,VUKMSLPR.0,0XUIGO0E.0,
ArthCOI,ESV_027012,TGGAATTGCAGGTGTTATAGGTACAGCAATATCTGTACTAATCCGTTTAGAACTGGCAAATCCTGGAAATCAAATTTTTCAAGGAAACCATCATTTATACAATGTAGTAATTACTGCTCACGCATTCTTAATAATCTTTTTCATAGTTATACCAATCTTAATT,Eukaryota,unk_phylum,Xanthophyceae,,,,,83.4,2,0,6065,0,0,0,0,0
ArthCOI,ESV_025160,GGGTGTAGCTGGAATTGCGGGAACAACTTTATCTGTTCTAATTCGATTGGAACTAGCTCAACCCGGAAATCAGTTTTTATCTGGTAATAATCAATTATATAATGTTATTGTGACAGGACATGCATTCATTATGATATTTTTTTTTGTAATGCCCGTTCTGATT,Eukaryota,unk_phylum,Eustigmatophyceae,Eustigmatales,Monodopsidaceae,Nannochloropsis,,86.5,2,0,1749,0,0,0,0,0
ArthCOI,ESV_048593,AACATTTAGTGGAATAATTGGAACATTATTATCTGTTCTAATTCGTTTAGAATTAGCATATCCAGGAAATCAATTTTTTGAAGGAAACCATCAATTATATAATGTTGTTGTTACAGCTCATGCTATTTTAATGATTTTTTTTATGGTAATGCCAATATTAATT,Eukaryota,,,,,,,81.6,5,0,939,0,0,0,0,0
ArthCOI,ESV_000372,AGCAATTTCAGGAGTTGCTGGTACTGCTTTATCTTTATATATTCGAATAACACTAGCACAGCCTAACGGTAGTTTTTTAGAGTATAATCATCATCTATATAACGTTATTGTTACGGGTCATGCTATATTAATGATTTTTTTCATGGTAATGCCAACTCTGATT,Eukaryota,Bacillariophyta,Coscinodiscophyceae,Thalassiosirales,Thalassiosiraceae,Thalassiosira,Thalassiosira pseudonana,100,1,18,824,0,0,0,0,0
ArthCOI,ESV_045599,AGCATTAGCTGGAGTAATAGGAACACTATTATCTTCAATAATTCGTATGGAATTAGCCGGAACCGGTAATCAAATTCTTAACGGAAATCACCAATTTTATAATGTAATAATAACCGCACACGCATTTATTATGATTTTTTTTATGGTAATGCCTATTATTATT,Eukaryota,Oomycota,unk_class,Saprolegniales,Saprolegniaceae,Saprolegnia,Saprolegnia turfosa,80.4,1,0,719,0,0,0,0,0
ArthCOI,ESV_027701,AACAAGAGCAGGAGTAGTAGGAACAACATTATCAGTATGGATGCGAATGGAGTTGGTAGGTCCAGGAGTACAAGCATTGTCAGGAAATCATCAATTATATAATGTAAGAGTAACAGCACATGCATTTATTATGATTTTCTTCTTTGTAATGCCATTCTTAATT,Eukaryota,,,,,,,74.8,2,0,546,0,0,0,0,0
ArthCOI,ESV_027726,AACAAGAGCAGGTATTGTAGGAACAACATTGTCAGTGTGGATGCGAATGGAATTGGTAGGTCCAGGTGTGCAAGCATTGTCAGGAAACCACCAATTGTACAATGTAAGAGTGACGGCACATGCATTTATTATGATTTTCTTCTTTGTAATGCCATTCTTAATC,Eukaryota,unk_phylum,unk_class,unk_order,unk_family,Chrysoparadoxa,Chrysoparadoxa australica,74.2,1,0,440,0,0,0,0,0
ArthCOI,ESV_027748,TGGTATTGCCGGTGTAATAGGGACTGCTATATCGGTTTTAATTCGTTTAGAATTAGCAAATCCTGGAAATCAAATTTTTCAAGGAAATCACCATTTATACAATGTTGTAATTACTGCGCATGCTTTTTTGATAATTTTTTTTATAGTTATACCAATTTTAATT,Eukaryota,unk_phylum,Xanthophyceae,,,,,85.9,3,0,376,0,0,0,0,0
ArthCOI,ESV_033919,GGCTTTTTCCGGGGTAATGGGTACTGTTCTTTCTGTTTTAATTAGAATGGAATTAGCTTTGCCTGGTAATCAAATTTTATTAGGTAATCATCAATTTTACAACGTTATTGTTACAGGTCATGCATTTATTATGATTTTTTTTATGGTTATGCCTATTTTAATG,Eukaryota,Oomycota,unk_class,Pythiales,Pythiaceae,,,84.7,13,0,201,0,0,0,0,0
ArthCOI,ESV_048594,TATATGAACTGCTATATTAGGAACTTCGTTAAGAAATATTATTCGTTTTGAACTAAGTATACCGAATAGAATCATCAAAGATGATCAAATTTATAATTCTTTAGTAACAGCTCATGCATTAGTAATAATCTTTTTTATAATTATACCTGTTATAATT,Eukaryota,Arthropoda,Arachnida,Trombidiformes,Tarsonemidae,,,92.4,1,0,195,0,0,0,0,0
ArthCOI,ESV_048595,TGGAATTGCAGGTGTTATAGGTACAGCAATATCTGTACTAATCCGTTTAGAACTGGCAAATCCTGGAAATCAAATTTTTCAAGGAAACCATCATTTATACAATGTAGTAATTACTGCTCACGCATTCTTAATGATCTTTTTCATAGTTATACCAATCTTAATT,Eukaryota,unk_phylum,Xanthophyceae,,,,,83.4,2,0,180,0,0,0,0,0
ArthCOI,ESV_048596,AGCTTTTGCTGGTATTTTAGGTACAGCAATGTCTATTTTAATTCGTATGGAATTAGCTGGGGTAGGTAATCAAATTTTAAATGGAAATTATCAATTTTATAATGTAATTATTACAGCACATGCATTTTTAATGATTTTTTTTATGGTTATGCCTATTTTAATT,Eukaryota,unk_phylum,Chrysophyceae,Chromulinales,Chromulinaceae,Pedospumella,,84.7,2,0,135,0,0,0,0,0
ArthCOI,ESV_048597,TGCATTTTCTGGAGTACTAGGTACTGCTAGATCTATACTTATCCGTAGAGAACTTAGTGGAACTGGACAACAAGTTCTCGCAGGTAATTATCAACTTTATAATGTAATCATTACTGCACATGCTTTTCTTAGAATCTTCTTTAGAGTAAGGCCTATTCTTATT,Eukaryota,,,,,,,71.2,2,0,132,0,0,0,0,0
ArthCOI,ESV_048598,TGGAATTGCAGGTGTTATAGGTACAGCAATATCTGTACTAATCCGTTTAGAACTGGCAAATCCTGGAAATCAAATTTTTCAAGGAAACCATCATTTATACAATGTAGTAATTACTGCTCACGCATTCTTAATGGTCTTTTTCATAGTTATACCAATCTTAATT,Eukaryota,unk_phylum,Xanthophyceae,,,,,82.8,2,0,91,0,0,0,0,0
ArthCOI,ESV_048599,AACATTTAGTGGAATAATTGGAACATTATTATCTGTTCTAATTCGTTTAGAATTAGCATATCCAGGAAATCAATTTTTTGAAGGAAATCACCAAGTATATAATGTTGTTGTTACAGCACATGCTATTTTAATGATTTTTTTTATGGTAATGCCTATACTAATC,Eukaryota,Arthropoda,Arachnida,Trombidiformes,Eriophyidae,Acalitus,Acalitus vaccinii,81.6,1,0,68,0,0,0,0,0
ArthCOI,ESV_025161,AGCTATAGCTGGAGTTGCGGGAACAACTTTATCTGTTTTGATTCGATTGGAACTAGCTCAACCCGGAAATCAGTTTTTATCTGGTAATAATCAATTATACAATGTTATTGTAACAGGACATGCGTTTATTATGATATTTTTTTTCGTAATGCCCGTTCTGATT,Eukaryota,,,,,,,87.1,4,0,59,0,0,0,0,0
ArthCOI,ESV_000115,TGGAATTGCAGGTGTTATAGGTACAGCAATATCTGTACTAATCCGTTTAGAACTGGCAAATCCTGGAAATCAAATTTTTCAGGGAAACCATCACTTATACAATGTAGTAATTACTGCTCACGCATTCTTAATAATCTTTTTCATAGTTATACCAATCTTAATT,Eukaryota,unk_phylum,Xanthophyceae,Tribonematales,Tribonemataceae,Tribonema,Tribonema aequale,82.8,1,0,43,0,0,0,0,0
ArthCOI,ESV_009443,AGCATTTTCAGGTATTGTTGGTACAACATTATCTGTTTTAATTCGAATGGAATTAGCTCAACCTGGTAATCAAATTTTTATGGGAAATCATCATTTATATAATGTAGTAGTTACTGCTCATGCATTTATTATGATTTTCTTTATGGTTATGCCAGTATTAATT,Eukaryota,Oomycota,,,,,,92.6,5,0,32,0,0,0,0,0
ArthCOI,ESV_048600,TGGAATTGCAGGTGTTATAGGTACAGCAATATCTGTACTAATCCGTTTAGAACTGGCAAATCCTGGAAATCAAATTTTTCAAGGAAACCACCATTTATACAATGTAGTAATTACTGCTCACGCATTCTTAATGATCTTTTTCATAGTTATACCAATCTTAATT,Eukaryota,unk_phylum,Xanthophyceae,,,,,82.8,2,0,32,0,0,0,0,0
ArthCOI,ESV_048601,GGGTGTAGCTGGAATTGCGGGAACAACTTTATCCGTTCTAATTCGATTGGAACTAGCTCAACCCGGAAATCAGTTTTTATCTGGTAATAATCAATTATATAATGTTATTGTGACAGGACATGCATTCATTATGATATTTTTTTTTGTAATGCCCGTTCTGATT,Eukaryota,unk_phylum,Eustigmatophyceae,Eustigmatales,Monodopsidaceae,Nannochloropsis,,85.9,2,0,26,0,0,0,0,0
ArthCOI,ESV_048602,AACATTTAGTGGAATAATTGGAACATTATTATCTGTTCTAATTCGTTTAGAATTAGCATATCCAGGAAATCAATTTTTTGAAGGAAACCATCAATTATATGATGTTGTTGTTACAGCTCATGCTATTTTAATGATTTTTTTTATGGTAATGCCAATATTAATT,Eukaryota,,,,,,,81,4,0,23,0,0,0,0,0
ArthCOI,ESV_048603,GGGTGTAGCTGGAATTGCGGGAACAACTTTATCTGTTCTAATTCGATTGGAACTAGCTCAACCCGGAAATCAGTTTTTATCTGGTAATAATCAATTATATAATGCTATTGTGACAGGACATGCATTCATTATGATATTTTTTTTTGTAATGCCCGTTCTGATT,Eukaryota,unk_phylum,Eustigmatophyceae,Eustigmatales,Monodopsidaceae,Nannochloropsis,,85.9,2,0,23,0,0,0,0,0
ArthCOI,ESV_048604,AACGTTCTCAGGCGTTATTGGAACAATATTATCGTTCTTAATACGGTTAGAATTAGCAACACCCGGAAACCAATTTTTATGTGGTAATCATCAATTATACAATGTATTAGTAACCGCTCATGCATTTATTATGATTTTTTTTATGGTTATGCCAATATTAATA,Eukaryota,Oomycota,unk_class,Peronosporales,Pontismataceae,Pontisma,[Olpidiopsis] porphyrae var. scotiae (nom. inval.),81.6,1,0,17,0,0,0,0,0
ArthCOI,ESV_048605,GGCATTTTCAGGAATTATCGGGACATTACTGTCTTCGATAATACGCTTAGAATTAGCTGCGCCAGGGAATCAACTTTTAAATGGAAACCATCAATTTTATAATGTTATTGTAACCGCACATGCTTTTATTATGATTTTTTTTATGGTAATGCCTATTTTAATT,Eukaryota,,,,,,,81,4,0,15,0,0,0,0,0
ArthCOI,ESV_048607,TACACTATCCGGAGTAGTAGGAACTACACTATCGGTATGGATGCGAAGAGAATTGGTAGCGCCAGGGGTACAAGCCTTGTCAGGAAACCATCAATTGTATAACGTGATGGTAACAGCGCATGCATTTATTATGATTTTCTTCTTCGTAATGCCGTTTTTGATC,Eukaryota,unk_phylum,Bigyra,Thraustochytrida,Thraustochytriaceae,Schizochytrium,Schizochytrium sp. SEK 210,74.8,1,0,14,0,0,0,0,0
ArthCOI,ESV_048606,GACGGTCGGCGGGGTTATCGGGTCCGTATTCTCATTTTTAATTCGCTTGCAACTCGCGCATCCCGAAGGATTCGTGTTCGGCGCCAATTACGATTTTTACAATACAATCATTACCCTTCACGGGCTTCTCATGATCTTCTTTATGGTCATGCCCATTTTAATT,,,,,,,,,,0,14,0,0,0,0,0
ArthCOI,ESV_048608,TGGAATTGCAGGTGTTATAGGTACAGCAATATCTGTACTAATCCGTTTAGAACTGGCAAATCCTGGAAATCAAATTTTTCAAGGAAACCATCATTTGTACAATGTAGTAATTACTGCTCACGCATTCTTAATGGTCTTTTTCATAGTTATACCAATCTTAATT,Eukaryota,unk_phylum,Xanthophyceae,,,,,82.8,2,0,14,0,0,0,0,0
ArthCOI,ESV_048609,TGCTTTTGCTGGTTTATTGGGAACAATATTTTCTGTTATTATAAGATTAGAATTAGCATTCCCGGGTCCTCAAATTTTAGGAACTAATTATCAATTATATAATGTTATTATTACGGCGCATGCTATGTTAATGATTTTTTTTTTTGTTATGCCTGTGATGATA,Eukaryota,Discosea,unk_class,Longamoebia,Acanthamoebidae,Acanthamoeba,Acanthamoeba sp.,81,1,0,12,0,0,0,0,0
ArthCOI,ESV_048610,TGCTTTTTCAGGTATTGTTGGTACAACTTTATCTGTTTTAATAAGAATGGAATTAGCACAACCTGGAAATCAAATTTTTATGGGAAACCATCATTTATATAATGTTGTTGTAACTGCACATGCTTTTATTATGATATTTTTTATGGTGATGCCTGTATTAATT,Eukaryota,Oomycota,unk_class,Pythiales,Pythiaceae,Pythium,Pythium monospermum,93.9,1,0,9,0,0,0,0,0
ArthCOI,ESV_043047,AGCGTTTGGGGCTCTTTTCGGCTCAACCCTATCGCTTTTGATTCGTTTGCAATTGGCCCATCCTCATGGAACACTTCTTGCAGGGAATGAGTACCAAATCTATAACGTTGTCATCACGGCCCATGGATTGCTGATGATTTTCTTCTTTGTCATGCCCGTGCTAATT,,,,,,,,,,0,9,0,0,0,0,0
ArthCOI,ESV_048612,TGCATTTTCTGGAGTACTAGGTACTGCTAGATCTACACTTATCCGTAGAGAACTTAGTGGAACTGGACAACAAGTTCTCGCAGGTAATTATCAACTTTATAATGTAATCATTACTGCACATGCTTTTCTTAGAATCTTCTTTAGAGTAAGGCCTATTCTTATT,Eukaryota,Arthropoda,Insecta,Blattodea,Tryonicidae,Rothisilpha,Rothisilpha latreilleae,70.6,1,0,8,0,0,0,0,0
ArthCOI,ESV_048611,AACAAGAGCAGGTATTGTAGGAACAACATTGTCAGTGTGGATGCGAATGGAATTGGTAGGTCCAGGTGTGCAAACATTGTCAGGAAACCACCAATTGTACAATGTAAGAGTGACGGCACATGCATTTATTATGATTTTCTTCTTTGTAATGCCATTCTTAATC,Eukaryota,unk_phylum,unk_class,unk_order,unk_family,Chrysoparadoxa,Chrysoparadoxa australica,74.8,1,0,8,0,0,0,0,0
