TestId,ESVId,sequence,Kingdom,Phylum,Class,Order,Family,Genus,Species,% match,# species,ZWDZ7WZK.1,WS7KZWVL.1,VAVM5TF7.1,RJD00L2Q.1,NO77X77Z.1,GHYRWQ8W.1,F0XPDBKX.1,DTDENWBP.1,BMUDL134.1,AV00ETE1.1,A76BYNY4.1,91TGAHP8.1,8RHC0YBR.1,6XDCL142.1,3LAFC32T.1,1VSWCRMT.1,1PE37FGF.1,12AI55MM.1,0L0KTXL0.1,
ArthCOI,ESV_025160,GGGTGTAGCTGGAATTGCGGGAACAACTTTATCTGTTCTAATTCGATTGGAACTAGCTCAACCCGGAAATCAGTTTTTATCTGGTAATAATCAATTATATAATGTTATTGTGACAGGACATGCATTCATTATGATATTTTTTTTTGTAATGCCCGTTCTGATT,Eukaryota,unk_phylum,Eustigmatophyceae,Eustigmatales,Monodopsidaceae,Nannochloropsis,,86.5,2,2222,3282,5226,18383,8462,8680,8041,560,14882,21576,12061,568,11799,5178,10967,21,7092,10266,5773
ArthCOI,ESV_025161,AGCTATAGCTGGAGTTGCGGGAACAACTTTATCTGTTTTGATTCGATTGGAACTAGCTCAACCCGGAAATCAGTTTTTATCTGGTAATAATCAATTATACAATGTTATTGTAACAGGACATGCGTTTATTATGATATTTTTTTTCGTAATGCCCGTTCTGATT,Eukaryota,,,,,,,87.1,4,345,271,886,2063,744,1147,1155,150,852,2364,1518,30,1625,1214,1053,0,952,1130,828
ArthCOI,ESV_000372,AGCAATTTCAGGAGTTGCTGGTACTGCTTTATCTTTATATATTCGAATAACACTAGCACAGCCTAACGGTAGTTTTTTAGAGTATAATCATCATCTATATAACGTTATTGTTACGGGTCATGCTATATTAATGATTTTTTTCATGGTAATGCCAACTCTGATT,Eukaryota,Bacillariophyta,Coscinodiscophyceae,Thalassiosirales,Thalassiosiraceae,Thalassiosira,Thalassiosira pseudonana,100,1,0,0,0,0,0,0,0,13529,0,0,0,0,0,0,0,0,26,0,0
ArthCOI,ESV_027813,TTTGTGAGCTGGCTTTATTGGATTATCTCTTTCTTTTTTAATTCGTCTTGAATTAGGCATTGTTGGACCTTTTTTAGGTGATGAACACTTATATAATGTAATTGTTACTGCTCATGCTTTTGTTATGATCTTTTTCATGGTTATGCCTATCTCTATA,Eukaryota,Rotifera,Eurotatoria,Ploima,,,,82.2,3,27,0,0,0,9292,0,0,0,226,23,15,0,27,82,1684,0,0,0,64
ArthCOI,ESV_044649,TGCATTTTCTGGAGTTCTTGGAACATGCTTTTCACTGTTTATTCGTATGGAGTTAGCACATCCAGGGAATCAGGTGTTAAGTGGAAATCATCAACTTTATAATGTAATTATAACAGCTCATGCATTTTTAATGATTTTTTTTATGGTAATGCCTGCCCTTATT,Eukaryota,Chlorophyta,Chlorodendrophyceae,Chlorodendrales,Chlorodendraceae,Scherffelia,Scherffelia dubia,84.7,1,0,0,0,0,0,0,0,0,0,0,0,6661,0,0,0,0,0,0,0
ArthCOI,ESV_044650,AGCTTTTGCCGGTGTTTTAGGAACATGCTTTTCATTATTTATTCGTATGGAATTAGCTCATCCTGGAAATCAGGTTTTAAGTGGAAATCACCAATTATATAATGTCATTATTACTGCACACGCATTTCTAATGATTTTTTTTATGGTAATGCCTGCTTTAATC,Eukaryota,Chlorophyta,Chlorodendrophyceae,Chlorodendrales,Chlorodendraceae,Scherffelia,Scherffelia dubia,85.3,1,0,0,0,0,0,0,0,0,0,0,0,6148,0,0,0,0,0,0,0
ArthCOI,ESV_004660,AGTATGATCAGGAATGGTTGGGACTGCTCTAAGTATACTAATTCGTGCTGAACTAGGGCAATCAGGAAGACTTATTGGTGATGATCAAATCTATAACGTAATTGTTACAGCCCATGCTTTTGTGATAATTTTCTTCATGGTTATACCAATTATAATC,Eukaryota,Arthropoda,Branchiopoda,Diplostraca,Daphniidae,Ceriodaphnia,,100,3,4260,0,0,0,0,0,0,0,0,0,0,0,0,0,0,1721,0,0,0
ArthCOI,ESV_000027,TGGTTTTGCTGGAGTTTTAGGGACGTGTTTTTCATTACTTATTCGTATGGAATTATCACACCCTGGAAACCAAATTTTAAACGGAAACCACCAACTGTATAATGTTATCATTACTGCACACGCATTTTTAATGATTTTTTTCATGGTAATGCCAGTATTAATG,Eukaryota,Mollusca,Bivalvia,Galeommatida,Montacutidae,Kurtiella,Kurtiella bidentata,84,1,756,0,0,0,0,0,0,78,0,0,0,213,0,0,0,3487,0,0,0
ArthCOI,ESV_027341,AGCTATAGCTGGAGTTGCGGGAACAACTTTATCTGTTTTGATTCGATTGGAACTAGCTCAACCCGGAAATCAGTTTTTATCTGGTAATAATCAATTATATAATGTTATTGTGACAGGACATGCATTCATTATGATATTTTTTTTTGTAATGCCCGTTCTGATT,Eukaryota,unk_phylum,Eustigmatophyceae,Eustigmatales,Monodopsidaceae,Nannochloropsis,,87.7,2,29,0,174,468,117,232,250,0,368,454,289,0,329,193,275,0,191,269,158
ArthCOI,ESV_027340,TATTTGAGCTGGTCTTATTGGGCTTAGGATAAGATTTTTAATTCGCTTAGAGCTTGGTGTTGTTGGTTCTTACATTGGTGATGAGCATTTATATAATGTTTTAGTTACCGCTCATGCGTTTGTTATAATTTTCTTTATAGTGATGCCTGTCTCTATG,Eukaryota,Rotifera,Eurotatoria,Ploima,Brachionidae,Brachionus,,99.4,3,0,3546,0,0,0,0,0,0,0,0,0,0,29,0,0,0,0,0,0
ArthCOI,ESV_027345,AGCTTTTTCAGGTGTACTTGGTACTTGTTTTTCTTTATTCATTCGTATGGAATTAGCACAACCTGGTAATCAAATAGGGGGCGGAAACCACCAATTATATAATGTTATTATAACAGCCCATGCTTTTTTAATGATATTCTTTATGGTTATGCCGGCTTTAATT,Eukaryota,Oomycota,unk_class,Pythiales,Pythiaceae,,,82.2,13,0,587,767,0,45,21,0,0,0,0,539,23,102,164,0,0,502,0,618
ArthCOI,ESV_044651,TGCAATTTCAGGTGTAGCTGGTACTGCTTTATCATTATATATCAGAATGACATTAGCTCAGCCTAATTCTAATTTTTTAGAATACAATCACCATATGTATAATGTAATTGTAACAGGTCATGCATTAATAATGGTTTTTTTTGTTGTTATGCCTATATTAATA,Eukaryota,Bacillariophyta,Bacillariophyceae,Naviculales,Pleurosigmataceae,Pleurosigma,Pleurosigma inscriptura,89,1,0,0,0,0,0,0,0,0,0,0,0,2677,0,0,0,0,0,0,0
ArthCOI,ESV_027343,AGCTATAGCTGGAGTTGCGGGAACAACTTTATCTGTTTTGATTCGATTGGAACTAGCTCAACCCGGAAATCAGTTTTTATCTGGTAATAATCAATTATACAATGTTATTGTAACAGGACATGCGTTTATTATGATATTTTTTTTTGTAATGCCCGTTCTGATT,Eukaryota,unk_phylum,Eustigmatophyceae,Eustigmatales,Monodopsidaceae,Nannochloropsis,,87.7,2,33,25,102,314,98,148,175,10,218,273,181,0,217,132,169,0,141,201,126
ArthCOI,ESV_027342,GGGTGTAGCTGGAATTGCGGGAACAACTTTATCTGTTCTAATTCGATTGGAACTAGCTCAACCCGGAAATCAGTTTTTATCTGGTAATAATCAATTATACAATGTTATTGTAACAGGACATGCGTTTATTATGATATTTTTTTTCGTAATGCCCGTTCTGATT,Eukaryota,,,,,,,85.9,4,0,0,107,312,64,149,175,0,218,348,191,0,174,127,177,0,125,192,114
ArthCOI,ESV_044652,GGTGTGATCTGGTTTTTTGGGAGCTAGAATAAGATTAATTATTCGTACTGAATTAGGTATAGTGGGTAGAATTATTATAGATGATCAGATTTATAATTCTATAGTAACAGCTCATGCTTTTTTAATAATTTTTTTTTTTGTTATGCCTGTGGCGATA,Eukaryota,Rotifera,Eurotatoria,unk_order,unk_family,Rotaria,Rotaria rotatoria,92.4,1,0,0,0,0,0,0,0,0,0,0,0,1686,0,0,0,0,0,0,0
ArthCOI,ESV_044653,TGCAATTTCAGGTGTAGCAGGTACTGCTTTATCACTATATATTCGAATGACATTAGCTCAGCCTAATTCTAATTTTTTAGAATATAATCACCATATGTATAATGTAATTGTAACAGGTCATGCATTAATAATGGTTTTTTTCGTTGTTATGCCTATATTAATA,Eukaryota,Bacillariophyta,Bacillariophyceae,Naviculales,Pleurosigmataceae,Pleurosigma,Pleurosigma inscriptura,86.5,1,0,0,0,0,0,0,0,0,0,0,0,1347,0,0,0,0,0,0,0
ArthCOI,ESV_027344,GGGTGTAGCTGGAATTGCGGGAACAACTTTATCTGTTCTAATTCGATTGGAACTAGCTCAACCCGGAAATCAGTTTTTATCTGGTAATAATCAATTATATAATGTTATTGTAACAGGACATGCGTTTATTATGATATTTTTTTTCGTAATGCCCGTTCTGATT,Eukaryota,unk_phylum,Eustigmatophyceae,Eustigmatales,Monodopsidaceae,Nannochloropsis,,86.5,2,0,0,68,172,48,112,0,0,127,173,107,0,108,0,108,0,93,93,58
ArthCOI,ESV_044677,TGGCTTTTCTGGCTTATTAGGTACAATTTTTTCTATAATTATTAGATTAGAATTAGCTTTTCCAGGACCACAAATATTAGGAACTAATTATCAATTATATAATGTTATAATAACAGCACATGCTATGTTAATGATTTTCTTTTTTGTAATGCCTGTAATGATA,Eukaryota,Discosea,unk_class,Longamoebia,Acanthamoebidae,Acanthamoeba,,79.8,3,0,0,0,0,627,0,0,0,0,0,0,0,0,0,0,0,0,0,0
ArthCOI,ESV_044682,GATTTGGTGTGGCTTGGTCGGTACAGGCTTAAGCTTGTTAATTCGTTTGGAATTAGGAACATCTCTGGTACTATTGGATGAACATTTTTATAATGTAATCGTTACAGCACATGCTTTTGTTATGATTTTTTTTATAGTTATACCTATAATAATT,Eukaryota,Mollusca,Gastropoda,unk_order,Physidae,Physella,,99.4,2,627,0,0,0,0,0,0,0,0,0,0,0,0,0,0,0,0,0,0
ArthCOI,ESV_044683,AGCTTGAGCCGGAATAGTGGGAACTTCCCTAAGTCTACTAATTCGAGCTGAATTAAGTCAACCTGGCATATTTATTGGTAATGATCAAATTTATAATGTGATTGTTACTGCCCATGCTTTTATTATGATTTTTTTTATAGTTATACCTATTATAATT,Eukaryota,Arthropoda,Insecta,Diptera,Culicidae,Culiseta,Culiseta particeps,96.8,1,448,0,0,0,0,0,0,0,0,0,0,0,0,0,0,0,0,0,0
ArthCOI,ESV_030458,TGGGTTCTCTGGTATTATAGGTACAATATTTTCTATGATTATAAGGTTAGAATTAGCTGCTCCAGGCTCTCAAATATTGGGTGGTAATAGCCAGCTTTATAACGTTATTATTACAGCCCATGCTTTTGTTATGATTTTCTTTTTTGTTATGCCTGTTATGATA,Eukaryota,Discosea,unk_class,Longamoebia,Acanthamoebidae,Acanthamoeba,,100,2,0,400,0,0,0,0,0,0,0,0,0,0,0,0,0,0,0,0,0
ArthCOI,ESV_027347,GGGTGTAGCTGGAATTGCGGGAACAACTTTATCTGTTCTAATTCGATTGGAACTAGCTCAACCCGGAAATCAGTTTTTATCTGGTAATAATCAATTATACAATGTTATTGTAACAGGACATGCGTTTATTATGATATTTTTTTTTGTAATGCCCGTTCTGATT,Eukaryota,unk_phylum,Eustigmatophyceae,Eustigmatales,Monodopsidaceae,Nannochloropsis,,86.5,2,0,0,14,52,0,21,35,0,54,34,40,0,27,15,26,0,16,25,19
ArthCOI,ESV_022763,TGTATGATCTGGTATAGTAGGAACCTCTTTAAGCCTTTTAATCCGAGCCGAATTAGGGCACCCGGGTTCTCTAATTGGGGATGATCAAATTTATAATGTTATTGTGACTGCCCATGCCTTCATTATAATTTTCTTTATAGTAATACCTATTATAATT,Eukaryota,Arthropoda,Insecta,Ephemeroptera,Caenidae,Caenis,,100,2,0,362,0,0,0,0,0,0,0,0,0,0,0,0,0,0,0,0,0
ArthCOI,ESV_044684,AGTATGATCAGGAATGGTTGGGACTGCTCTGAGTATACTAATTCGTGCTGAACTAGGGCAATCAGGAAGACTTATTGGTGATGATCAAATCTATAACGTAATTGTTACAGCCCATGCTTTTGTGATAATTTTCTTCATGGTTATACCAATTATAATC,Eukaryota,Arthropoda,Branchiopoda,Diplostraca,Daphniidae,Ceriodaphnia,,99.4,4,347,0,0,0,0,0,0,0,0,0,0,0,0,0,0,0,0,0,0
ArthCOI,ESV_000362,GGCAATTTCAGGTGTAGCTGGAACTGCTTTATCTTTATATATCCGAATAACATTAGCACAACCTAATGGTAGTTTTTTAGAATATAATCATCATTTATATAATGTTATTGTTACAGGTCATGCTATACTAATGATTTTTTTTATGGTAATGCCAACTTTAATT,Eukaryota,Bacillariophyta,Coscinodiscophyceae,Thalassiosirales,Thalassiosiraceae,Thalassiosira,,90.2,2,0,0,0,0,0,0,0,196,0,0,0,145,0,0,0,0,0,0,0
ArthCOI,ESV_027369,AGCTTGAGCTGGAATAATTGGTACTTCTTTAAGTATTCTTATTCGAGCAGAATTAAGTCAACCTGGAGTATTTATTGGAAATGATCAAATTTATAATGTTATTGTAACTGCTCATGCTTTTATTATAATTTTTTTTATAGTTATACCTATTATAATT,Eukaryota,Arthropoda,Insecta,Diptera,Culicidae,Culex,,100,2,330,0,0,0,0,0,0,0,0,0,0,0,0,0,0,0,0,0,0
ArthCOI,ESV_044654,TGCAATTTCAGGTGTAGCTGGTACTGCTTTATCATTATATATCAGAATGACATTAGCTCAGCCTAATTCTAATTTTTTAGAATACAATCACCATATGTATAATGTAATTGTAACAGGTCATGCATTAATAATGGTTTTTTTCGTTGTTATGCCTATATTAATA,Eukaryota,Bacillariophyta,Bacillariophyceae,Naviculales,Pleurosigmataceae,Pleurosigma,Pleurosigma inscriptura,88.3,1,0,0,0,0,0,0,0,0,0,0,0,325,0,0,0,0,0,0,0
ArthCOI,ESV_027564,TATTCTTTCAGGTATTATAGGAACCGTTTTTTCTATTATTATTAGAATGGAATTAGGTTTACCAGGAAACCAAGTATTACAAGGGGATCATCAATTATATAATGTGTTAATAACAGCACATGCATTTATTATGATTTTCTTTATGGTTATGCCTTCTTTAATA,Eukaryota,,,,,,,78.5,4,0,318,0,0,0,0,0,0,0,0,0,0,0,0,0,0,0,0,0
ArthCOI,ESV_027778,TATTTGATCAGGAATGGTAGGTACAGCTTTAAGCTTACTTATTCGTGCTGAACTTGGGCAATCTGGAAGTTTAATTGGAGATGATCAAATTTACAATGTAATTGTAACTGCACATGCATTTGTAATAATTTTTTTTATGGTCATACCAATCATAATC,Eukaryota,Arthropoda,Branchiopoda,Diplostraca,Daphniidae,Daphnia,Daphnia sp. 1 SA-2003,95.5,1,0,0,0,0,0,0,0,0,0,0,0,0,0,0,0,290,0,0,0
ArthCOI,ESV_044655,AGTTTGATCTGGGTTTTTGGGGGCTAGAATAAGATTAATTATTCGTACTGAATTAGGAATAGTTGGTAGAATTATTATAGATGATCAAATTTATAATTCTATGGTAACAGCTCATGCTTTTTTAATGATTTTTTTTTTTGTTATACCTGTGGCTATA,Eukaryota,Rotifera,Eurotatoria,unk_order,unk_family,Rotaria,,94.9,2,0,0,0,0,0,0,0,0,0,0,0,261,0,0,0,0,0,0,0
ArthCOI,ESV_012474,ATTATTTAGTGGTATGATAGGAACTTTATTATCAGTTCTAATACGTTTAGAACTAGCATATCCTGGAAATCAATTTTTTCAAGGAAATCATCATTTATTTAATGTTGTTATTACGGCTCATGCTTTATTAATGATTTTTTTTATGGTTATGCCTATTCTATTA,Eukaryota,,,,,,,78.5,4,250,0,0,0,0,0,0,0,0,0,0,0,0,0,0,0,0,0,0
ArthCOI,ESV_044656,GGGTTGAAGTGCACTATTAGGCAGAGCTTTGAGGGTAATTATTCGATCTGAACTAAGTCACTCAGGTAGAGTGTTAGCTGATGATCAATTATATAATGTGGTTGTAACTGCTCATGCGTTTATTATAATTTTTTTCATGGTCATGCCGATTATAATT,Eukaryota,Arthropoda,Ostracoda,Podocopida,Cyprididae,Cyprideis,Cyprideis sp. RA01,79.6,1,0,0,0,0,0,0,0,0,0,0,0,221,0,0,0,0,0,0,0
ArthCOI,ESV_044668,GATTTGGTGTGGCTTGGTCGGTACAGGTTTAAGCTTGTTAATTCGTTTGGAATTAGGAACATCTCTGGTACTATTGGATGAACATTTTTATAATGTAATCGTTACAGCACATGCTTTTGTAATGATTTTTTTTATAGTTATACCTATAATAATT,Eukaryota,Mollusca,Gastropoda,unk_order,Physidae,Physella,,99.4,2,200,0,0,0,0,0,0,0,0,0,0,19,0,0,0,0,0,0,0
ArthCOI,ESV_027377,TTCAATTTCCGGCATAGCTGGTACTGTATTATCTTTATATATAAGATTTACTTTAGTTCAACCTAATTCTAATTTTTTAGAGTATAATCATCATTTATATAATGTAATAGTAACAGGTCATGCTTTTTTAATGATTTTTTTTACTGTTATGCCAATTTTAATA,Eukaryota,Bacillariophyta,,,,,,82.2,2,0,0,0,0,0,0,0,0,0,0,0,202,0,0,0,0,0,0,0
ArthCOI,ESV_030446,GGTATGGTCAGGAATAGTAGGGACTGCTCTGAGTATATTAATTCGAGCGGAGCTTGGCCAGTCAGGTAGTTTGATTGGTGATGATCAAATTTATAATGTAATTGTTACTGCCCACGCTTTTGTCATAATTTTTTTTATAGTTATACCTATCATAATT,Eukaryota,Arthropoda,Branchiopoda,Diplostraca,Daphniidae,Simocephalus,,91.1,6,0,0,0,0,0,0,0,0,0,0,0,0,0,0,0,196,0,0,0
ArthCOI,ESV_044657,TGCAATTTCAGGTGTAGCAGGTACTGCTTTATCACTATATATTCGAATGACATTAGCTCAGCCTAATTCTAATTTTTTAGAATATAATCACCATATGTATAATGTAATTGTAACAGGTCATGCATTAATAATGGTTTTTTTTGTTGTTATGCCTATATTAATA,Eukaryota,Bacillariophyta,Bacillariophyceae,Naviculales,Pleurosigmataceae,Pleurosigma,Pleurosigma inscriptura,87.1,1,0,0,0,0,0,0,0,0,0,0,0,181,0,0,0,0,0,0,0
ArthCOI,ESV_030551,GATTTGGTGTGGCTTGGTCGGTACAGGCTTAAGCTTGTTAATTCGTTTGGAATTAGGAACATCTCTGGTACTATTGGATGAACATTTTTATAATGTGATCGTTACAGCACATGCTTTTGTAATGATTTTTTTTATAGTTATACCTATAATAATT,Eukaryota,Mollusca,Gastropoda,unk_order,Physidae,Physella,,99.4,2,163,0,0,0,0,0,0,0,0,0,0,0,0,0,0,0,0,0,0
ArthCOI,ESV_030491,GATTTGGTGTGGCTTGGTCGGTACAGGCTTAAGCTTGTTAATTCGTTTGGAATTAGGAACATCTCTGGTACTATTGGATGAACATTTTTATAATGTAATCGTTACAGCACATGCTTTTGTAATGATTTTTTTTATAGTTATACCTATAATAATT,Eukaryota,Mollusca,Gastropoda,unk_order,Physidae,Physella,Physella acuta,100,1,157,0,0,0,0,0,0,0,0,0,0,0,0,0,0,0,0,0,0
ArthCOI,ESV_030554,TGCTTGATCAGCAATATTAGGAACAGCTCTCAGTGTTATTATTCGTGCTGAACTTGGTCAACCAGGAACTTTGATTGGCAATGATCAAATTTATAATACAATTGTAACAGCACATGCATTTATCATAATTTTTTTTATAGTTATACCCATTATGGTC,Eukaryota,Arthropoda,Ostracoda,Podocopida,Cyprididae,,,92.4,1,150,0,0,0,0,0,0,0,0,0,0,0,0,0,0,0,0,0,0
ArthCOI,ESV_002666,TGGTTTTTCTGGTATTATAGGAACAATATTTTCTATGATTATAAGATTAGAATTAGCGGCACCAGGCTCTCAAATATTAGGCGGTAATAGCCAATTGTATAATGTTATTATTACAGCCCACGCTTTCGTTATGATTTTCTTTTTTGTTATGCCTGTTATGATA,Eukaryota,Discosea,unk_class,Longamoebia,Acanthamoebidae,Acanthamoeba,Acanthamoeba sp.,92.6,1,0,0,0,0,0,0,0,0,0,0,0,0,0,0,0,147,0,0,0
ArthCOI,ESV_027351,GGGTGTAGCTGGAATTGCGGGAACAACTTTATCTGTTCTAATTCGATTGGAACTAGCTCAACCCGGAAATCAGTTTTTATCTGGTAATAATCAATTATATAATGTTATTGTAACAGGACATGCGTTTATTATGATATTTTTTTTTGTAATGCCCGTTCTGATT,Eukaryota,unk_phylum,Eustigmatophyceae,Eustigmatales,Monodopsidaceae,Nannochloropsis,,87.1,2,0,0,0,25,0,0,13,0,31,17,11,0,8,0,10,0,9,13,0
ArthCOI,ESV_044658,TGCAATTTCAGGTGTAGCTGGTACTGCTTTATCATTATATATCAGAATGACATTAGCTCAGCCTAATTCTAATTTTTTAGAATATAATCACCATATGTATAATGTAATTGTAACAGGTCATGCATTAATAATGGTTTTTTTCGTTGTTATGCCTATATTAATA,Eukaryota,Bacillariophyta,Bacillariophyceae,Naviculales,Pleurosigmataceae,Pleurosigma,Pleurosigma inscriptura,87.7,1,0,0,0,0,0,0,0,0,0,0,0,133,0,0,0,0,0,0,0
ArthCOI,ESV_044659,TGCAATTTCAGGTGTAGCAGGTACTGCTTTATCACTATATATTCGAATGACATTAGCTCAGCCTAATTCTAATTTTTTAGAATACAATCACCATATGTATAATGTAATTGTAACAGGTCATGCATTAATAATGGTTTTTTTTGTTGTTATGCCTATATTAATA,Eukaryota,Bacillariophyta,Bacillariophyceae,Naviculales,Pleurosigmataceae,Pleurosigma,Pleurosigma inscriptura,87.7,1,0,0,0,0,0,0,0,0,0,0,0,130,0,0,0,0,0,0,0
ArthCOI,ESV_044660,GGCTTTTGCTGGGATGGTAGGTACAGCATTTAGTGTTTTAATTAGAATGGAATTATCAACACCAGGTAATACTTTTTTAGCTGGAGATGGTCATTTATATAACGTGATTGTTACAGCGCACGCGTTTATAATGATTTTCTTTATGGTTATGCCTGTATTAATT,Eukaryota,Oomycota,,,,,,81,6,0,0,0,0,0,0,0,0,0,0,0,125,0,0,0,0,0,0,0
ArthCOI,ESV_009923,GTTTGCATCGGGGATAATTGGTTTAGTTTTATCTGTTCTAATTCGTCTAGAACTTAGTGGAACTGGTGATGGTATTTTTGCCGGTAACTACCAATTATATAATGTAGTTGTAACTGCACATGCATTTATTATGATTTTTTTCTTTGTAATGCCTGTGTTAATT,Eukaryota,Oomycota,unk_class,Peronosporales,Peronosporaceae,Phytophthora,,73.6,13,0,0,0,0,0,0,0,0,0,0,0,109,0,0,0,0,0,0,0
ArthCOI,ESV_004483,AGCTTTTTCTGGAGTTTTAGGAACTGTAATGTCTATACTTATTCGTTTAGAATTAGCAGCTCCTGGAAATCAATTTTTACAAGGAAACCATCAGTTTTATAATGTAATTATTACAGCTCACGCTTTTTTAATGATTTTTTTTATGGTGATGCCGATTTTAATT,Eukaryota,unk_phylum,Phaeophyceae,Laminariales,,,,84,4,0,0,0,0,0,0,0,0,0,0,0,0,19,0,0,0,83,0,0
ArthCOI,ESV_000600,GGCATTTTCTGGAATGATAGGAACTGCTTTAAGTATGTTAATTAGAATAGAACTTTCAGCACCAGGAAGAGTAATAGGAGATGATCATTTATATAATGTAATAGTAACAGCTCATGCTTTTGTAATGATATTCTTTTTAGTTATGCCAGTCTTAATA,Eukaryota,Cnidaria,Hydrozoa,Anthoathecata,Hydridae,Hydra,Hydra vulgaris,100,1,94,0,0,0,0,0,0,0,0,0,0,0,0,0,0,0,0,0,0
ArthCOI,ESV_027563,TGGCTTTTCAGGAATTATTGGAACAATTTTATCTGTATTAATTCGAATGGAATTAGCTTATCCTGGAAATCAATTTTTTTTAGGAAATCATCAATTATATAATTCAATTGTAACAGCACATGCATTTATTATGATTTTTTTTATGGTAATGCCTATTTTAATA,Eukaryota,Oomycota,,,,,,87.1,2,0,92,0,0,0,0,0,0,0,0,0,0,0,0,0,0,0,0,0
ArthCOI,ESV_025388,TGCAATTTCCGGCGTAGCAGGTACTGCTTTATCTTTATATATTCGATTAACATTAGCTCAACCTAATGGTGGATTTTTAGAACACAACCACCAAATGTATAATGTAATTGTTACAGGACATGCTTTTGTAATGATTTTTTTTATGGTTATGCCAACATTAATA,Eukaryota,Bacillariophyta,Mediophyceae,Cymatosirales,Cymatosiraceae,Minutocellus,Minutocellus polymorphus,85.9,1,0,0,0,0,0,0,0,0,0,0,0,91,0,0,0,0,0,0,0
ArthCOI,ESV_030459,TGCTTTTTCAGGAATGATAGGTACTGCGTTTAGTGTATTAATTAGAATGGAATTATCTGTTCCAGGTAATACATTTTTAGCTGGGGATGGACATTTATATAATGTTATCGTAACAGCTCATGCATTTATCATGATTTTCTTTATGGTAATGCCTGTTTTAATT,Eukaryota,Oomycota,unk_class,Pythiales,Pythiaceae,Globisporangium,Globisporangium perplexum,81.6,1,0,89,0,0,0,0,0,0,0,0,0,0,0,0,0,0,0,0,0
ArthCOI,ESV_030442,AGCTTTATCAGGAGTATTAGGTACTGTATTTTCAGTTATCATTCGTTTAGAATTAGCAGCTCCTGGAACTCAAATTTTAGATGGAAATTACCAACTTTATAATGTTATTATTACTGCACATGCTTTATTAATGATATTTTTTATGGTAATGCCAATATTAATT,Eukaryota,unk_phylum,Hyphochytriomycetes,unk_order,Hyphochytriaceae,Hyphochytrium,Hyphochytrium catenoides,80.4,1,0,0,0,0,0,0,0,0,0,0,0,0,31,15,0,0,41,0,0
ArthCOI,ESV_025164,AGGTTTTGCAGGTATTATAGGAACAATTTTATCTGTGTTAATTCGTATGGAATTAGCTTATCCAGGAAATCAATTTTTTTTAGGTAATCATCAATTGTATAATTCAATTGTAACTGCACATGCTTTTATAATGATTTTTTTTATGGTAATGCCTATTTTAATC,Eukaryota,Oomycota,unk_class,Saprolegniales,Saprolegniaceae,,,84,9,0,83,0,0,0,0,0,0,0,0,0,0,0,0,0,0,0,0,0
ArthCOI,ESV_044646,TATGTGGGCGGGTCTAATAGGTACCACTTTATCTTTATTAATTCGTGCAGAATTAAGCCAAGGAGGTGATGGTATTTTAATGGGTAATTATCAGCTTTATAATACGATAATAACGGCTCATGGTTTTATTATGATTTTTTTTATGGTAATGCCAATAATGATA,Eukaryota,Arthropoda,Insecta,Lepidoptera,,,,76.1,4,0,0,0,0,15,0,0,0,0,0,0,0,0,0,67,0,0,0,0
ArthCOI,ESV_044685,GGTATGATCAGGAATGGTTGGGACTGCTCTAAGTATACTAATTCGTGCTGAACTAGGGCAATCAGGAAGACTTATTGGTGATGATCAAATCTATAACGTAATTGTTACAGCCCATGCTTTTGTGATAATTTTCTTCATGGTTATACCAATTATAATC,Eukaryota,Arthropoda,Branchiopoda,Diplostraca,Daphniidae,Ceriodaphnia,Ceriodaphnia sp. BOLD:AAB5055,100,1,72,0,0,0,0,0,0,0,0,0,0,0,0,0,0,0,0,0,0
ArthCOI,ESV_025166,GGGTGTAGCTGGAATTGCGGGAACAACTTTATCTGTTCTAATTCGATTGGAACTAGCTCAACCCGGAAATCAGTTTTTATCTGGTAATAATCAATTATATAATGTTATTGTGACAGGACATGCATTCATTATGATATTTTTTTTTGTAATGCCCGTTCTGATC,Eukaryota,unk_phylum,Eustigmatophyceae,Eustigmatales,Monodopsidaceae,Nannochloropsis,,85.9,2,0,71,0,0,0,0,0,0,0,0,0,0,0,0,0,0,0,0,0
ArthCOI,ESV_030460,TATTTGAGCTGGTCTTATTGGGCTTAGGATAAGATTTTTAATTCGCTTAGAGCTTGGTGTTGTTGGTTCTTACATTGGTGATGAGCATTCATATAATGTTTTAGTTACCGCTCATGCGTTTGTTATAATTTTCTTTATAGTGATGCCTGTCTCTATG,Eukaryota,Rotifera,Eurotatoria,Ploima,Brachionidae,Brachionus,,98.7,3,0,65,0,0,0,0,0,0,0,0,0,0,0,0,0,0,0,0,0
ArthCOI,ESV_027762,TGCTTTCGCAGGTGTACTAGGAACAGCTATGTCTGTTCTAATTCGTTTAGAATTAGCTCAACCAGGTAACACTATTTTTGCCGGGAATCATCAATTATATAATGTAATGATAACAGGTCATGCATTTCTAATGATTTTTTTCATGGTGATGCCCATATTAATT,Eukaryota,,,,,,,79.1,22,0,0,0,0,0,0,0,47,0,0,0,18,0,0,0,0,0,0,0
ArthCOI,ESV_000058,GGCCATTTCAGGTGTAGCTGGAACTGCTTTATCTTTATATATTCGAATAACATTGGCACAACCTAATGGTAGTTTTTTAGAATATAATCATCACCTATATAATGTTATTGTTACAGGTCATGCTATATTAATGATTTTTTTTATGGTAATGCCAACTTTAATC,Eukaryota,Bacillariophyta,Coscinodiscophyceae,Thalassiosirales,Thalassiosiraceae,Thalassiosira,Thalassiosira pseudonana,89.6,1,0,0,0,0,0,0,0,0,0,0,0,65,0,0,0,0,0,0,0
ArthCOI,ESV_027358,AGCTATAGCTGGAGTTGCGGGAACAACTTTATCTGTTCTAATTCGATTGGAACTAGCTCAACCCGGAAATCAGTTTTTATCTGGTAATAATCAATTATATAATGTTATTGTGACAGGACATGCATTCATTATGATATTTTTTTTTGTAATGCCCGTTCTGATT,Eukaryota,unk_phylum,Eustigmatophyceae,Eustigmatales,Monodopsidaceae,Nannochloropsis,,89,2,0,0,0,0,0,0,0,0,63,0,0,0,0,0,0,0,0,0,0
ArthCOI,ESV_027364,GGGTGTAGCTGGAATTGCGGGAACAACTTTATCTGTTCTAATTCGATTGAAACTAGCTCAACCCGGAAATCAGTTTTTATCTGGTAATAATCAATTATATAATGTTATTGTGACAGGACATGCATTCATTATGATATTTTTTTTTGTAATGCCCGTTCTGATT,Eukaryota,unk_phylum,Eustigmatophyceae,Eustigmatales,Monodopsidaceae,Nannochloropsis,,85.9,2,62,0,0,0,0,0,0,0,0,0,0,0,0,0,0,0,0,0,0
ArthCOI,ESV_044686,AGCTTGAGCCGGAATAGTGGGAACTTCCCTAAGTCTACTAATTCGAGCTGAATTAAGTCAACCTGGTATATTTATTGGTAATGATCAAATTTATAATGTGATTGTTACTGCCCATGCTTTTATTATGATTTTTTTTATAGTTATACCTATTATAATT,Eukaryota,Arthropoda,Insecta,Diptera,Culicidae,Culiseta,Culiseta particeps,96.8,1,58,0,0,0,0,0,0,0,0,0,0,0,0,0,0,0,0,0,0
ArthCOI,ESV_004624,AGCTTTTTCTGGTGTGCTTGGTACATGTTTTTCAATGTTTATTCGTATGGAATTAGCTCAACCGGGTAATCAAATAGGTGGGGGAAACCATCAATTATATAATGTAATTATCACAGCTCATGCCTTTTTAATGATTTTTTTTATGGTAATGCCTGCTTTAATC,Eukaryota,,,,,,,82.2,9,0,0,0,0,0,0,0,0,0,0,0,57,0,0,0,0,0,0,0
ArthCOI,ESV_044678,GGGTGTAGCTGGAATTGCGGGAACAACTTTATCTGTTCTAATTCGATTGGAACTAGCTCAACCCGGAAATCAGTTTTTATCTGGTAATAATCAATTATATAATGTTATAATAACAGCACATGCTATGTTAATGATTTTCTTTTTTGTAATGCCTGTAATGATA,Eukaryota,unk_phylum,Eustigmatophyceae,Eustigmatales,Monodopsidaceae,Nannochloropsis,Nannochloropsis oceanica,82.2,1,0,0,0,0,56,0,0,0,0,0,0,0,0,0,0,0,0,0,0
ArthCOI,ESV_044661,AGTATTCGCAGGTATGTTAGGAACAGCATTCAGTGTATTAATTCGATTAGAATTAGGAGTACCTGGAGTAGGATTCTTAGCTGGGGATAACCATTTATATAATGTAATAGTAACAGCCCATGCATTTTTAATGATCTTTTTCCTTGTTATGCCTGTATTAATA,Eukaryota,,,,,,,77.4,18,0,0,0,0,0,0,0,0,0,0,0,55,0,0,0,0,0,0,0
ArthCOI,ESV_044675,AGCTATAGCTGGAGTTGCGGGAACAACTTTATCTGTTTTGATTCGATTGGAACTAGCTCAACCCGGAAATCAGTTTTTATCTGGTAATAATCAATTATACAATGTTATTGTGACAGGACATGCATTCATTATGATATTTTTTTTTGTAATGCCCGTTCTGATT,Eukaryota,unk_phylum,Eustigmatophyceae,Eustigmatales,Monodopsidaceae,Nannochloropsis,,87.1,2,0,0,0,0,0,0,0,0,54,0,0,0,0,0,0,0,0,0,0
ArthCOI,ESV_000224,GGCCATTTCAGGTGTAGCTGGAACTGCTTTATCTTTATATATTCGAATAACCTTGGCACAACCTAATGGTAGTTTTTTAGAATATAATCATCACCTATATAATGTTATTGTTACAGGTCATGCTATATTAATGATTTTTTTTATGGTAATGCCAACTTTAATC,Eukaryota,,,,,,,89,2,0,0,0,0,0,0,0,0,0,0,0,52,0,0,0,0,0,0,0
ArthCOI,ESV_030456,AGGATTTTCAGGTATTATTGGTACTTTGATGTCAGTGGTAATTCGTATTGAGTTAGCGAATCCTGGAGATCAATTTTTGGGTGGTAACTATCAATTATATAATGGTTTGGTTACTGCGCATGCATTTATTATGATTTTTTTTATGGTTATGCCGATTTTAATT,Eukaryota,Oomycota,unk_class,Saprolegniales,Saprolegniaceae,,,79.1,3,0,0,0,0,0,0,0,16,0,0,0,35,0,0,0,0,0,0,0
ArthCOI,ESV_001023,AGCAATATCAGGGGTTGCAGGTACTGCATTGTCTTTATATATTCGAATAACTTTAGCTCAACCAAATGGTAGTTTTTTAGAATATAATCATCATTTATACAATGTTATTGTAACTGGACACGCAATTTTAATGATTTTTTTCATGGTAATGCCTACCTTAATT,Eukaryota,Bacillariophyta,Coscinodiscophyceae,Thalassiosirales,,,,87.1,2,0,0,0,0,0,0,0,50,0,0,0,0,0,0,0,0,0,0,0
ArthCOI,ESV_002681,TGGTTTTTCTGGTATTATAGGAACAATATTTTCTATGATTATAAGATTAGAATTAGCGGCACCCGGCTCTCAAATATTAGGCGGTAATAGCCAACTGTATAATGTTATTATTACAGCCCACGCTTTCGTTATGATTTTCTTTTTTGTTATGCCTGTTATGATA,Eukaryota,Discosea,unk_class,Longamoebia,Acanthamoebidae,Acanthamoeba,Acanthamoeba sp.,93.3,1,0,0,0,0,0,0,0,0,0,0,0,0,0,48,0,0,0,0,0
ArthCOI,ESV_030461,GGGTGTAGCTGGAATTGCGGGAACAACTTTATCTGTTCTAATTCGATTGGAACTAGCTCAACCCGGAAATCAGTTTTTATCTGGTAATAATCAATTATATAATGTTATTGTGACAGGACGTGCATTCATTATGATATTTTTTTTTGTAATGCCCGTTCTGATT,Eukaryota,unk_phylum,Eustigmatophyceae,Eustigmatales,Monodopsidaceae,Nannochloropsis,,85.9,2,0,42,0,0,0,0,0,0,0,0,0,0,0,0,0,0,0,0,0
ArthCOI,ESV_030450,AGCAATTTCAGGAGTTGCTGGTACTGCTTTATCTTTATATATTCGAATAACACTAGCACAGCCTAACGGTAGTTTTTTAGAATATAATCATCATTTATATAATGTTATTGTTACAGGTCATGCTATACTAATGATTTTTTTTATGGTAATGCCAACTTTAATT,Eukaryota,Bacillariophyta,Coscinodiscophyceae,Thalassiosirales,Thalassiosiraceae,Thalassiosira,Thalassiosira pseudonana,95.1,1,0,0,0,0,0,0,0,42,0,0,0,0,0,0,0,0,0,0,0
ArthCOI,ESV_044662,TGCTTTAGCTGGTGTAGTTGGAACTGTTTTTTCTATGATTATTCGAATGGAATTAACTTATCCGGGTACTCAGCTTTTAGCGGGTAATTATCAACTTTATAATGTAGTTGTAACCGCGCATGCTTTTATCATGATTTTTTTTATGGTTATGCCCGCTATGATT,Eukaryota,Oomycota,,,,,,78.5,13,0,0,0,0,0,0,0,0,0,0,0,40,0,0,0,0,0,0,0
ArthCOI,ESV_044687,AGCTTGAGCTGGAATAATTGGTACTTCTTTAAGTATTCTTATTCGGGCAGAATTAAGTCAACCTGGAGTATTTATTGGAAATGATCAAATTTATAATGTTATTGTAACTGCTCATGCTTTTATTATAATTTTTTTTATAGTTATACCTATTATAATT,Eukaryota,Arthropoda,Insecta,Diptera,Culicidae,Culex,,99.4,30,39,0,0,0,0,0,0,0,0,0,0,0,0,0,0,0,0,0,0
ArthCOI,ESV_044688,AGCTTGAGCCGGAATAGTGGGAACTTCCCTAAGTCTACTAATTCGAGCTGAATTAAGTCAACCTGGCATATTTATTGGTAATGATCAAATTTATAATGTGATTGTTACTGCCCATGCTTCTATTATGATTTTTTTTATAGTTATACCTATTATAATT,Eukaryota,Arthropoda,Insecta,Diptera,Culicidae,Culiseta,Culiseta particeps,96.2,1,38,0,0,0,0,0,0,0,0,0,0,0,0,0,0,0,0,0,0
ArthCOI,ESV_033816,GGCTTGAGCCAGTGCAATTGGAACTTCTCTTAGGGCGATTATTCGGTCCGAACTCAGAAGGCCAGGCAACCTGATTGGAGACGATCAGATTTATAATGTAGTAGTGACTGCTCATGCCTTTGTCATAATTTTTTTTATAGTTATGCCTATCATAATT,Eukaryota,Arthropoda,Malacostraca,Amphipoda,Hyalellidae,Hyalella,Hyalella azteca,100,1,38,0,0,0,0,0,0,0,0,0,0,0,0,0,0,0,0,0,0
ArthCOI,ESV_027390,TGCTTGATCAGGAATAGTGGGGACATCCCTAAGAATACTTATTCGAGCAGAATTAGGACGTCCTGGAACTTTCATTGGAGACGATCAAATTTATAATGTCGTAGTAACAGCACACGCATTTGTTATAATTTTTTTCATAGTTATGCCTATTTTAATT,Eukaryota,Arthropoda,Insecta,Diptera,Chironomidae,,,98.7,2,0,0,0,0,0,0,0,0,0,0,0,37,0,0,0,0,0,0,0
ArthCOI,ESV_009128,AGCAATTTCTGGAATTGCAGGAACTGCTTTATCACTTTACATTAGAATAACTTTATCTCAACCAAATAATTCATTTTTAGAATACAATCATCATTTTTACAACGTGGTTGTGACAGGACATGCTATTTTAATGATTTTTTTTATGGTAATGCCTATATTAATT,Eukaryota,Bacillariophyta,Bacillariophyceae,Bacillariales,Bacillariaceae,Nitzschia,Nitzschia sp. BOLD:AAO7110,86.5,1,0,0,0,0,0,0,0,0,0,0,0,37,0,0,0,0,0,0,0
ArthCOI,ESV_044663,GGTGTGGTCTGGTTTTTTGGGAGCTAGAATAAGATTAATTATTCGTACTGAATTAGGTATAGTGGGTAGAATTATTATAGATGATCAGATTTATAATTCTATAGTAACAGCTCATGCTTTTTTAATAATTTTTTTTTTTGTTATGCCTGTGGCGATA,Eukaryota,Rotifera,Eurotatoria,unk_order,unk_family,Rotaria,Rotaria rotatoria,91.7,1,0,0,0,0,0,0,0,0,0,0,0,35,0,0,0,0,0,0,0
ArthCOI,ESV_044689,GGCTTGAGCCAGTGCAATTGGAACTTCTCTTAGGGCAATTATTCGGTCAGAACTCAGAAGGCCAGGCAACCTGATTGGAGACGATCAGATTTATAATGTAGTAGTGACTGCTCATGCCTTTGTCATAATTTTTTTTATAGTTATGCCTATCATAATT,Eukaryota,Arthropoda,Malacostraca,Amphipoda,Hyalellidae,Hyalella,Hyalella azteca,100,1,34,0,0,0,0,0,0,0,0,0,0,0,0,0,0,0,0,0,0
ArthCOI,ESV_030443,TGCTTTTTCTGGAGTAATTGGTACCGCACTTTCTGTTTTAATTCGTATGGAATTAGCAGGAATTGGGAATCAAGTTTTACAGGGAAATCATCAATTCTATAATGTTATCATCACTGCGCATGCTTTCTTAATGATTTTTTTTATGGTTATGCCAATTTTAATC,Eukaryota,Oomycota,,,,,,83.4,3,0,0,0,0,0,0,0,0,0,0,0,0,0,0,0,0,34,0,0
ArthCOI,ESV_039267,TATATGATCTGGACTAGTAGGTACAGCTTTGAGTTTATTGATTCGAGCAGAGTTAGGACAACCGGGTGCCTTATTAGGGGACGATCAGCTTTATAACGTTATTGTTACTGCTCACGCTTTTGTTATAATTTTTTTCTTGGTTATACCTATAATGATT,Eukaryota,Mollusca,Gastropoda,Littorinimorpha,Tateidae,Potamopyrgus,Potamopyrgus antipodarum,100,1,31,0,0,0,0,0,0,0,0,0,0,0,0,0,0,0,0,0,0
ArthCOI,ESV_030451,GGCAATTTCAGGTGTAGCTGGAACTGCTTTATCTTTATATATCCGAATAACATTAGCACAACCTAATGGTAGTTTTTTAGAATATAATCATCATTTATATAATGTTATTGTTACGGGTCATGCTATATTAATGATTTTTTTCATGGTAATGCCAACTCTGATT,Eukaryota,Bacillariophyta,Coscinodiscophyceae,Thalassiosirales,Thalassiosiraceae,Thalassiosira,Thalassiosira pseudonana,93.3,1,0,0,0,0,0,0,0,31,0,0,0,0,0,0,0,0,0,0,0
ArthCOI,ESV_044664,TATATGGTCAGGTATAGTAGGATCATCAATAAGTTGAATTATCCGAATTGAATTAGGACAACCAGGAACATTTATTGGAAATGATCAAATTTATAATGTTATTGTGACTGCTCACGCATTTGTCATAATTTTTTTTATAGTAATACCGATTATAATT,Eukaryota,Arthropoda,Insecta,Hemiptera,Lygaeidae,,,91.1,6,0,0,0,0,0,0,0,0,0,0,0,29,0,0,0,0,0,0,0
ArthCOI,ESV_044690,GATTTGGTGTGGCTTGGTCGGTACAGGCTTAAGCTTGTTAATTCGTTTGGAATCAGGAACATCTCTGGTACTATTGGATGAACATTTTTATAATGTAATCGTTACAGCACATGCTTTTGTTATGATTTTTTTTATAGTTATACCTATAATAATT,Eukaryota,Mollusca,Gastropoda,unk_order,Physidae,Physella,,98.7,2,29,0,0,0,0,0,0,0,0,0,0,0,0,0,0,0,0,0,0
ArthCOI,ESV_000764,GGCCATTGGTGGCATATTGGGTGGCATCTCATCGATGCTTATTCGAGCTCAATTGATGCATCCAGGTGGGATGGTTTTAGGAGGCGATCACCAGCTCTATAACGTTATTATCTCGGCCCATGGCGTGCTAATGATTTTCTTCATGGTCATGCCCATTCTGATT,,,,,,,,,,28,0,0,0,0,0,0,0,0,0,0,0,0,0,0,0,0,0,0
ArthCOI,ESV_044665,TGCCTTTGCAGGTGTGTTAGGAACTTGTTTTTCATTATTCATTCGTATGGAACTTGCACATCCTGGTAACCAAGTTTTAAATGGAAATCATCAATTATATAATGTTATTATTACAGCTCATGCTTTTTTAATGATCTTTTTTATGGTAATGCCTGCATTAATT,Eukaryota,Chlorophyta,Chlorodendrophyceae,Chlorodendrales,Chlorodendraceae,Tetraselmis,Tetraselmis subcordiformis,84,1,0,0,0,0,0,0,0,0,0,0,0,28,0,0,0,0,0,0,0
ArthCOI,ESV_030473,TGCAATTTCTGGTGTAGCAGGTACTGCCTTATCTTTATATATTCGACTAACATTAGCTCAACCTAATGGTGGTTTTTTAGAATACAATCATCAGATGTATAACGTAATCGTTACTGGACATGCTTTTGTAATGATTTTCTTTATGGTTATGCCGACATTAATT,Eukaryota,Bacillariophyta,Bacillariophyceae,Bacillariales,Bacillariaceae,Nitzschia,Nitzschia alba,84,1,0,0,0,0,0,0,0,0,0,0,0,28,0,0,0,0,0,0,0
ArthCOI,ESV_044666,TGCTTTTTCAGGTGTGGTTGGTACTACCTTATCAATTTTAATTAGAATGGAGTTAGCTCAACCAGGTAATCAAATTTTAATGGGAAATCATCAATTATATAATGTAATAGTGACAGCACACGCTTTTATTATGATTTTTTTTATGGTAATGCCTATATTATTA,Eukaryota,Oomycota,,,,,,90.8,4,0,0,0,0,0,0,0,0,0,0,0,27,0,0,0,0,0,0,0
ArthCOI,ESV_044647,AGCATTTTCTGGAATTATTGGAACTACTTTATCAGTATTAATTCGTATGGAATTAAGTGGAATTGGAAATCAAGTTTTACAAGGAAATCATCAATTTTATAATGTAATTATTACCGCGCATGCTTTTTTAATGATTTTCTTTATGGTAATGCCTATTTTAATG,Eukaryota,unk_phylum,Bigyra,Bicosoecida,unk_family,Caecitellus,Caecitellus parvulus,83.4,1,0,0,0,0,0,0,0,0,0,0,0,0,0,0,27,0,0,0,0
ArthCOI,ESV_044667,AGCAATTTCTGGAATTGCAGGAACTGCTTTATCACTTTATATTCGAATTACGTTATCTCAACCAAATAACTCATTCTTAGAATATAACCATCATTTTTATAACGTGATCGTTACAGGTCATGCTATTTTAATGATTTTTTTTATGGTAATGCCTATTTTAATT,Eukaryota,Bacillariophyta,Bacillariophyceae,Bacillariales,Bacillariaceae,Nitzschia,,88.3,2,0,0,0,0,0,0,0,0,0,0,0,26,0,0,0,0,0,0,0
ArthCOI,ESV_030444,TGCATTTAGCGGTGTTTTAGGTTTAATTGTTTCAATGGTTATGAGATTAGAGTTATCCCAATGTGGTGACGCTTTTCTAGCTGGTAATTATCAGCTTTACAACGTTTTAGTAACTGCTCACGCATTTTTAATGATTTTTTATTTCGTAATGCCAACTGCAATT,Eukaryota,Haptista,Haptophyta,,,,,77.9,2,0,0,0,0,0,0,0,0,0,0,0,0,0,0,0,0,26,0,0
ArthCOI,ESV_027068,TGCATTGTCAGGAGTATTAGGTACTACTTTTTCTATATTTATTCGAATGGAATTAGCGTTGCCGGGTAGTCAAATTCTTCTTGGAAATGGACAAGTGTTTAATGTAATTATTACAGCACATGCTTTTTTAATGATATTTTTTATGGTTATGCCAGTTTTAATA,Eukaryota,Oomycota,,,,,,79.8,5,0,0,0,0,0,0,0,0,0,0,0,25,0,0,0,0,0,0,0
ArthCOI,ESV_033751,AGCTTGAGCTGGTATAGTAGGAACTTCATTAAGTATTTTAATTCGAGCAGAACTTGGTCATCCGGGAGCATTAATTGGGGATGATCAAATTTATAATGTTATTGTAACAGCTCATGCATTTATTATAATTTTCTTTATAGTTATACCAATCATAATT,Eukaryota,Arthropoda,Insecta,Diptera,Tipulidae,Tipula,,96.2,5,24,0,0,0,0,0,0,0,0,0,0,0,0,0,0,0,0,0,0
ArthCOI,ESV_030448,AGCTATAGCTGGAGTTGCGGGAACAACTTTATCTGTTTCAATTCGATTGGAACTAGCTCAACCCGGAAATCAGTTTTTATCTGGTAATAATCAATTATACAATGTTATTGTAACAGGACATGCGTTTATTATGATATTTTTTTTCGTAATGCCCGTTCTGATT,Eukaryota,,,,,,,87.1,4,0,0,0,0,0,0,0,0,0,0,0,0,0,0,0,24,0,0,0
ArthCOI,ESV_030447,TATTTGATCAGGAATGGTAGGTACAGCTTTAAGCTTACTTATTCGTGCTGAACTTGGGCAATCTGGAAGTTTAATTGGAGATGATCAAAGTTACAATGTAATTGTAACTGCACATGCATTTGTAATAATTTTTTTTATGGTCATACCAATCATAATC,Eukaryota,Arthropoda,Branchiopoda,Diplostraca,Daphniidae,Daphnia,Daphnia sp. 1 SA-2003,94.9,1,0,0,0,0,0,0,0,0,0,0,0,0,0,0,0,24,0,0,0
ArthCOI,ESV_027523,AGCTTTTTCAGGTGTACTTGGTACTTGTTTTTCTTTATTCATTCGTATGGAATTAGCACAACCTGGTAATCAAATAGGGGGCGGAAACCACCAATTATATAATGTTATTATAACAGCCCATGCTTTTTTAATGATATTCTTTATGGTTATGCCGGCTTTAATC,Eukaryota,Oomycota,unk_class,Pythiales,Pythiaceae,Pythium,,82.2,11,0,15,0,0,0,0,0,0,0,0,0,0,0,0,0,0,8,0,0
ArthCOI,ESV_030462,TGTATGATCTGGTATAGTAGGAACCTCTTTAAGCCTTTTAATCCGAGCCGAATTAGGGCACCCGGGTTCTCTAATTGGGGATGATCAAATTTATAATGTTATTGTGACTGCCCATGCCTTCATTATAATTTTCTTTATAGTAATACCTATTATAATC,Eukaryota,Arthropoda,Insecta,Ephemeroptera,Caenidae,Caenis,,99.4,2,0,20,0,0,0,0,0,0,0,0,0,0,0,0,0,0,0,0,0
ArthCOI,ESV_027588,GGCTTTTTCAGGTGTACTTGGTACTTGTTTTTCTTTATTCATTCGTATGGAATTAGCACAACCTGGTAATCAAATAGGGGGCGGAAACCACCAATTATATAATGTTATTATAACAGCCCATGCTTTTTTAATGATATTCTTTATGGTTATGCCGGCTTTAATT,Eukaryota,Oomycota,,,,,,82.2,13,0,0,12,0,0,0,0,0,0,0,0,0,0,0,0,0,8,0,0
ArthCOI,ESV_044648,TGCTTTTTCTGGGGTTATTGGTACCGCTCTTTCTGTAATAATACGTATGGAATTAGGAGGAATTGGAAATCAAGTTTTACAAGGAAATCATCAATTTTATAATGTAATTATTACTGCACACGCTTTTTTAATGATTTTCTTTATGGTAATGCCTATTTTAATT,Eukaryota,Oomycota,,,,,,82.2,13,0,0,0,0,0,0,10,0,0,0,0,0,0,0,9,0,0,0,0
ArthCOI,ESV_030452,GGCAATTTCAGGTGTAGCTGGAACTGCTTTATCTTTATATATTCGAATAACACTAGCACAGCCTAACGGTAGTTTTTTAGAGTATAATCATCATCTATATAACGTTATTGTTACGGGTCATGCTATATTAATGATTTTTTTCATGGTAATGCCAACTCTGATT,Eukaryota,Bacillariophyta,Coscinodiscophyceae,Thalassiosirales,Thalassiosiraceae,Thalassiosira,Thalassiosira pseudonana,97.5,1,0,0,0,0,0,0,0,18,0,0,0,0,0,0,0,0,0,0,0
ArthCOI,ESV_027350,GGGTGTAGCTGGAATTGCGGGAACAACTTTATCTGTTTTGATTCGATTGGAACTAGCTCAACCCGGAAATCAGTTTTTATCTGGTAATAATCAATTATACAATGTTATTGTAACAGGACATGCGTTTATTATGATATTTTTTTTTGTAATGCCCGTTCTGATT,Eukaryota,unk_phylum,Eustigmatophyceae,Eustigmatales,Monodopsidaceae,Nannochloropsis,,85.3,2,0,0,0,0,0,0,18,0,0,0,0,0,0,0,0,0,0,0,0
ArthCOI,ESV_044679,CTTGTTTGCCGGTATTATAGGTACTGTTTTTTCTATTCTAATACGTCTAGAGTTAGCTTATCCAGGAGAGCAGATATTACTAGGAAACTATCAATTTTATAATGTTGTTGTTACAGCTCACGCATTTATTATGATTTTCTTTATGGTTATGCCTGCTTTCATA,Eukaryota,Tubulinea,Elardia,Euamoebida,,,,81,2,0,0,0,0,18,0,0,0,0,0,0,0,0,0,0,0,0,0,0
ArthCOI,ESV_030453,GGCAATTTCAGGTGTAGCTGGAACTGCTTTATCTTTATATATCCGAATAACATTAGCACAACCTAATGGTAGTTTTTTAGAATATAATCATCATTTATATAACGTTATTGTTACGGGTCATGCTATATTAATGATTTTTTTCATGGTAATGCCAACTCTGATT,Eukaryota,Bacillariophyta,Coscinodiscophyceae,Thalassiosirales,Thalassiosiraceae,Thalassiosira,Thalassiosira pseudonana,93.9,1,0,0,0,0,0,0,0,17,0,0,0,0,0,0,0,0,0,0,0
ArthCOI,ESV_030454,GGCAATTTCAGGTGTAGCTGGAACTGCTTTATCTTTATATATCCGAATAACATTAGCACAACCTAATGGTAGTTTTTTAGAATATAATCATCATCTATATAACGTTATTGTTACGGGTCATGCTATATTAATGATTTTTTTCATGGTAATGCCAACTCTGATT,Eukaryota,Bacillariophyta,Coscinodiscophyceae,Thalassiosirales,Thalassiosiraceae,Thalassiosira,Thalassiosira pseudonana,94.5,1,0,0,0,0,0,0,0,17,0,0,0,0,0,0,0,0,0,0,0
ArthCOI,ESV_030445,AGGATTTGCGGGTGTTATCGGAACTTTTTTTTCTTATATGCTTAGAATGCAATTAGGTGGTTTAAACTCAAGTTTTTTAAATTTGAATTATCAGTTATATAATGTAGTATTAACAATGCACGCAATAATTATGATTTTTTTTATGGTTATGCCTATATTAATC,Eukaryota,Oomycota,unk_class,Myzocytiopsidales,Myzocytiopsidaceae,Chlamydomyzium,Chlamydomyzium dictyuchoides,71.5,1,0,0,0,0,0,0,0,0,0,0,0,0,0,0,0,0,17,0,0
ArthCOI,ESV_030449,TTTTGCGTCAGGTATTGTTGGTTTAGTTTTATCTGTATTAATTCGTTTAGAGTTAAGTTCTACAGGTGAGGGAATTTTTCATGGAAATTATCAATTATATAATGTCGTCGTGACTGCTCATGCCTTCATTATGATTTTTTTCTTTGTAATGCCCGTTTTAATT,Eukaryota,Oomycota,,,,,,75.5,6,0,0,0,0,0,0,0,0,0,0,0,0,0,17,0,0,0,0,0
ArthCOI,ESV_030455,AGCAATTTCAGGAGTTGCTGGTACTGCTTTATCTTTATATATTCGAATAACACTAGCACAGCCTAACGGTAGTTTTTTAGAGTATAATCATCATTTATATAATGTTATTGTTACAGGTCATGCTATACTAATGATTTTTTTTATGGTAATGCCAACTTTAATT,Eukaryota,Bacillariophyta,Coscinodiscophyceae,Thalassiosirales,Thalassiosiraceae,Thalassiosira,Thalassiosira pseudonana,95.7,1,0,0,0,0,0,0,0,16,0,0,0,0,0,0,0,0,0,0,0
ArthCOI,ESV_044691,AGCTTGAGCCGGAATAGTGGGAACTTCCCTAAGTCTACTAATTCGAGCTGAATTAAGTCAACCTGGCATATTTATTGGTAATGATCAAATTTATAATGTGATTGTTACTGCCCATGCTTTTATTATGATTTTTTTTATAGTTATACCTATTATAATC,Eukaryota,Arthropoda,Insecta,Diptera,Culicidae,Culiseta,Culiseta particeps,96.2,1,15,0,0,0,0,0,0,0,0,0,0,0,0,0,0,0,0,0,0
ArthCOI,ESV_030457,GGCAATTTCAGGTGTAGCTGGAACTGCTTTATCTTTATATATCCGAATAACATTAGCACAACCTAATGGTAGTTTTTTAGAATATAATCATCATTTATATAATGTTATTGTTACAGGTCATGCTATACTAATGATTTTTTTCATGGTAATGCCAACTCTGATT,Eukaryota,Bacillariophyta,Coscinodiscophyceae,Thalassiosirales,Thalassiosiraceae,Thalassiosira,Thalassiosira pseudonana,92,1,0,0,0,0,0,0,0,15,0,0,0,0,0,0,0,0,0,0,0
ArthCOI,ESV_030463,AGGTTTTGCAGGTATTATAGGAACAATTTTATCTGTGTTAATTCGTATGGAATTAGCTTATCCAGGAAATCAATTTTTTTTAGGTAATCATCAATTGTATAATTCAATTGTAACTGCACATGCCTTTATAATGATTTTTTTTATGGTAATGCCTATTTTAATC,Eukaryota,Oomycota,,,,,,83.4,13,0,15,0,0,0,0,0,0,0,0,0,0,0,0,0,0,0,0,0
ArthCOI,ESV_044670,CGCATGCGCTGGCGTAGCTGGTACCGCTTTATCGGTAGTTATTAGGCTAGAATTAGCAATGCCCGGTAATGTTTATTTAAAAGGAAATTATCAGTTATATAATGTTATTGTAACGGCTCATGCTTTTGTTATGATTTTTTTTATGGTAATGCCTATTTTAATA,Eukaryota,Oomycota,unk_class,Saprolegniales,Saprolegniaceae,Saprolegnia,Saprolegnia turfosa,79.8,1,0,0,0,0,0,0,0,0,0,0,0,14,0,0,0,0,0,0,0
ArthCOI,ESV_044669,TTTTTTTAGTGGTGTTTTTGGAACATTTTTAAGTTTTTTAATAAGACTTGAACTCGCTACACCCGGCTCCAAACTATTTCTTGAACAGTACCATTTATATAATGTTGTAGTTACCTCTCACGCTATAGTTATGACTTTTTTTACAGTTATGCCTATATTAATA,Eukaryota,,,,,,,71.2,4,0,0,0,0,0,0,0,0,0,0,0,14,0,0,0,0,0,0,0
ArthCOI,ESV_044692,TGCTTGAGCCGGAATAGTGGGGACAGGTCTAAGAATAATTATTCGTTTAGAATTAGGGCAGCCTGGTTCTTTAATAGGAGATGATCAAATTTATAATGTAATTGTTACGGCTCATGCTTTTATTATAATTTTTTTTATAGTAATGCCAATTTTAATT,Eukaryota,Arthropoda,Hexanauplia,Cyclopoida,Cyclopidae,Acanthocyclops,Acanthocyclops americanus,100,1,14,0,0,0,0,0,0,0,0,0,0,0,0,0,0,0,0,0,0
ArthCOI,ESV_030464,TGTATGATCTGGTACAGTAGGAACCTCTTTAAGCCTTTTAATCCGAGCCGAATTAGGGCACCCGGGTTCTCTAATTGGGGATGATCAAATTTATAATGTTATTGTGACTGCCCATGCCTTCATTATAATTTTCTTTATAGTAATACCTATTATAATT,Eukaryota,Arthropoda,Insecta,Ephemeroptera,Caenidae,Caenis,,99.4,2,0,13,0,0,0,0,0,0,0,0,0,0,0,0,0,0,0,0,0
ArthCOI,ESV_044693,TGTTTGATCTGGGTTTTTAGGGGCTAGGATTAGACTTATTATTCGTACTGAGTTAGGGATGGTTGGGAGAGTTATTATAGATGATCAAATTTATAATTCTATAGTAACGGCTCATGCTTTTTTAATAATTTTTTTTTTTGTTATACCTGTGGCTGTA,Eukaryota,Rotifera,Eurotatoria,unk_order,unk_family,Rotaria,Rotaria rotatoria,95.5,1,13,0,0,0,0,0,0,0,0,0,0,0,0,0,0,0,0,0,0
ArthCOI,ESV_044671,AGCATGAGCTGGAATAGTTGGTACATCTCTAAGAATTTTAATTCGAGCTGAATTAGGACATCCTGGTGCATTAATTGGTAATGATCAAATTTATAATGTTATTGTTACAGCACATGCTTTTATTATAATTTTCTTTATAGTTATACCTATTATAATT,Eukaryota,Arthropoda,Insecta,Diptera,Ceratopogonidae,Culicoides,Culicoides sonorensis,100,1,0,0,0,0,0,0,0,0,0,0,0,13,0,0,0,0,0,0,0
ArthCOI,ESV_000904,TGGTTTTGCTGGAGTTTTAGGGACGTGTTTTTCATTACTTATTCGTATGGAATTATCACACCCTGGAAACCAAATTTTAAACGGAAACCACCAACTGTATAATGTTATCATTACTGCACACGCATTTTTAATGATTTTTTTCATGGTAATGCCAGCATTAATG,Eukaryota,,,,,,,83.4,2,0,0,0,0,0,0,0,0,0,0,0,13,0,0,0,0,0,0,0
ArthCOI,ESV_030465,AGGTTTTGCAGGTATTATAGGAACAACTTTATCTGTGTTAATTCGTATGGAATTAGCTTATCCAGGAAATCAATTTTTTTTAGGTAATCATCAATTGTATAATTCAATTGTAACTGCACATGCTTTTATAATGATTTTTTTTATGGTAATGCCTATTTTAATC,Eukaryota,Oomycota,unk_class,Saprolegniales,Saprolegniaceae,,,84.7,9,0,12,0,0,0,0,0,0,0,0,0,0,0,0,0,0,0,0,0
ArthCOI,ESV_004823,TGCAATTTCTGGTGTGGCAGGTACTGCTTTATCTTTATATATTCGATTAACATTAGCTCAACCTAACGGTGGATTTTTAGAGTACAATCACCAAATGTATAATGTAATTGTTACAGGACATGCTTTTGTAATGATTTTTTTTATGGTTATGCCAACATTAATT,Eukaryota,Bacillariophyta,,,,,,84,5,0,0,0,0,0,0,0,0,0,0,0,12,0,0,0,0,0,0,0
ArthCOI,ESV_044672,TGCTTTTTCAGGTGTAGTGGGTACTACATTATCAGTTTTAATAAGAATGGAATTAGCACAACCAGGTAATCAAGTTTTTATGGGTAATCATCATTTATATAATGTGGTAGTTACAGCACATGCTTTTGTAATGATTTTTTTTATGGTGATGCCCGTTTTAATT,Eukaryota,Oomycota,unk_class,Pythiales,Pythiaceae,,,93.3,4,0,0,0,0,0,0,0,0,0,0,0,11,0,0,0,0,0,0,0
ArthCOI,ESV_027635,TGCTTTTTCTGGGGTTGTTGGTACTGCACTTTCTGTTTTAATTCGTATGGAATTAGGAGGAATTGGTAATCAAATTTTACAAGGGAATCATCAATTTTATAATGTTATTATTACTGCACATGCATTTTTAATGATTTTTTTTATGGTGATGCCTATTTTAATT,Eukaryota,Oomycota,unk_class,Pythiales,Pythiaceae,,,84.7,30,0,0,0,0,0,0,10,0,0,0,0,0,0,0,0,0,0,0,0
ArthCOI,ESV_044694,AGCTTGAGCCGGAATAGTGGGAACTTCCCTAAGTCTACTAATTCGAGCTGAATTAAGTCAACCTGGCATATTTATTGGTAATGATCAAATTTATAATGTGATTGTTACTGCCCATGCTTTTATTATGATTTTTTTTATAGTTATACCTATAATAATT,Eukaryota,Arthropoda,Insecta,Diptera,Culicidae,Culiseta,Culiseta particeps,96.2,1,10,0,0,0,0,0,0,0,0,0,0,0,0,0,0,0,0,0,0
ArthCOI,ESV_044673,GGGTTGAAGTGCACTATTAGGCAGAGCTTTAAGAGTAATTATTCGATCTGAACTAAGCCACTCAGGTAGAGTGTTAGCTGATGATCAATTATATAATGTGGTTGTAACTGCTCATGCGTTTATTATAATTTTTTTCATGGTCATGCCGATTATAATT,Eukaryota,Arthropoda,Ostracoda,Podocopida,Cyprididae,Cyprideis,Cyprideis sp. RA01,80.3,1,0,0,0,0,0,0,0,0,0,0,0,10,0,0,0,0,0,0,0
ArthCOI,ESV_027630,CGCTTTTTCAGGTGTCCTAGGTTTAATTATTTCTATGTTTATGCGTTTAGAATTATCTCAATCTGGAGATGTTTTCTTAGCAGGTAATTACCAACTTTATAACGTTCTAATTACTAGTCACGCTTTTTTAATGATTTTTTATTTCGTTATGCCAACGGTTATT,Eukaryota,Haptista,Haptophyta,,,,,77.9,2,0,0,0,0,0,0,0,0,10,0,0,0,0,0,0,0,0,0,0
ArthCOI,ESV_027359,GGGTGTAGCTGGAATTGCGGGAACAACTTTATCTGTTCTAATTCGATTGGAACTAGCTCAACCCGGAAATCAGTTTTTATCTGGTAATAATCAATTATACAATGTTATTGTAACAGGACATGCATTCATTATGATATTTTTTTTTGTAATGCCCGTTCTGATT,Eukaryota,unk_phylum,Eustigmatophyceae,Eustigmatales,Monodopsidaceae,Nannochloropsis,,86.5,2,0,0,0,0,0,0,0,0,0,9,0,0,0,0,0,0,0,0,0
ArthCOI,ESV_027362,GATTTGAGCAGGGTTTTTAGGTGCTAGAATAAGATTAATTATTCGCACTGAATTAGGAATAGTAGGAAGGATTATTATAGATGATCAAATTTATAATTCTATAGTGACGGCTCATGCTTTTTTAATAATTTTTTTTTTTGTCATACCTGTGTCTATG,Eukaryota,Rotifera,Eurotatoria,unk_order,unk_family,Rotaria,Rotaria rotatoria,98.7,1,9,0,0,0,0,0,0,0,0,0,0,0,0,0,0,0,0,0,0
ArthCOI,ESV_044674,CGCATGCGCTGGCGTAGCTGGTACCGCTTTATCGGTAGTTATTAGGCTAGAATTAGCAATGCCCGGTAATGTTTATTTAAAAGGAAATTATCAGTTATATAATGTTATTGTAACGGCTAATGCTTTTGTTATGATTTTTTTTATGGTAATGCCTATTTTAATA,Eukaryota,Oomycota,unk_class,Saprolegniales,Saprolegniaceae,Saprolegnia,Saprolegnia turfosa,79.1,1,0,0,0,0,0,0,0,0,0,0,0,9,0,0,0,0,0,0,0
ArthCOI,ESV_044680,GGGTGTAGCTGGCTTTATTGGATTATCTCTTTCTTTTTTAATTCGTCTTGAATTAGGCATTGTTGGACCTTTTTTAGGTGATGAACACTTATATAATGTAATTGTTACTGCTCATGCTTTTGTTATGATCTTTTTCATGGTTATGCCTATCTCTATA,Eukaryota,Rotifera,Eurotatoria,Ploima,,,,80.4,2,0,0,0,0,9,0,0,0,0,0,0,0,0,0,0,0,0,0,0
ArthCOI,ESV_002668,TGGATTTTCAGGGGTTTTAGGAACTATTTTCTCGTTACTAATTCGTTTAGAATTAGCTCAACCAGGAAATCAAATTTTAGGCGGGAATCATCAATTATATAATGTTATTATTACAGCTCACGCTTTTCTTATGATATTTTTTATGGTAATGCCAGTACTTATC,Eukaryota,,,,,,,82.2,3,0,0,0,0,0,0,0,0,0,0,0,9,0,0,0,0,0,0,0
ArthCOI,ESV_044695,AGCTTGAGCTGGAATAATTGGTACTTCTTTAAGTATTCTTATTCGAGCAGAATTAAGTCAACCTGGAGTATTTATTGGAAATGATCAAATTTATAATGTTATTGTAACTGCTCATGCTTTTATTATAATTTTTTTTATAGTTATACCTATTATAATC,Eukaryota,Arthropoda,Insecta,Diptera,Culicidae,Culex,,99.4,28,8,0,0,0,0,0,0,0,0,0,0,0,0,0,0,0,0,0,0
ArthCOI,ESV_044681,GGCTATAGCTGGAGTTGCGGGAACAACTTTATCTGTTTTGATTCGATTGGAACTAGCTCAACCCGGAAATCAGTTTTTATCTGGTAATAATCAATTATATAATGTTATTGTGACAGGACATGCATTCATTATGATATTTTTTTTTGTAATGCCCGTTCTGATT,Eukaryota,unk_phylum,Eustigmatophyceae,Eustigmatales,Monodopsidaceae,Nannochloropsis,,87.1,2,0,0,0,8,0,0,0,0,0,0,0,0,0,0,0,0,0,0,0
ArthCOI,ESV_030466,TGGTTTTTTATTGCGCGAAGGTGGGCGGGGTTTTGGATTAATTGCGCGCTGTGATTGCGCTCGCCTGCGAGGCGCAATCACACCGCGGCATCAGGTCGGTGACCAGCTTCGCCATGCGCGCAGGTCGGCGCCGCTGGGGTGCTGGAACACCCGCAGGCCGAACTCGG,,,,,,,,,,0,8,0,0,0,0,0,0,0,0,0,0,0,0,0,0,0,0,0
ArthCOI,ESV_044676,TGCTATTTCTGGTATTATTGGTACTTGTTTTTCTGTTTTAATTCGTTTAGAATTAGCTGCTCCAGGTGATCAAATTTTAGCTGGTAACTATCAACTTTATAATGTTATTATTACAGCACACGCTTTTTTAATGATTTTCTTTATGGTTATGCCTATTATGATG,Eukaryota,Tubulinea,Elardia,Arcellinida,Hyalospheniidae,,,81,3,0,0,0,0,0,0,8,0,0,0,0,0,0,0,0,0,0,0,0
