TestId,ESVId,sequence,Kingdom,Phylum,Class,Order,Family,Genus,Species,% match,# species,ZWDZ7WZK.1,WS7KZWVL.1,VAVM5TF7.1,RJD00L2Q.1,NO77X77Z.1,GHYRWQ8W.1,F0XPDBKX.1,BMUDL134.1,AV00ETE1.1,A76BYNY4.1,91TGAHP8.1,8RHC0YBR.1,6XDCL142.1,3LAFC32T.1,1PE37FGF.1,12AI55MM.1,0L0KTXL0.1,DTDENWBP.0,1VSWCRMT.0,
MiFishU,ESV_010047,CACCGCGGTTATACGAGAGGCCCAAGTTGACAAATGCCGGCGTAAAATGTGGTTAATATGACACTTCACTAAAGCTAAACATCTTCAAAGCTGTTATACCCTCATGAAGACAGGAAGACCTCCCACGAAAGTGGCTTTAAACAATATTATTCCACGAAAGCTAGGGAA,Eukaryota,Chordata,Actinopteri,Gobiiformes,Gobiidae,Gillichthys,Gillichthys mirabilis,99.4,1,1463,0,2636,0,0,0,0,2983,1269,0,5980,5308,5127,0,17310,0,3626,0,0
MiFishU,ESV_033299,CACCGCGGTTAGACGAAAGGCTCAAGCTGATAGTTTTCGGCGTAAAGAGTGGTTAGGGATTTAGAATACTAAAGCTGAAATTTCTCATGGCTGTTATACGCTTCCGAGAATATGAAACACATATACGAAAGTAGCTTTAAATAACCTGACCCCACGAAAGCTGTGGAA,Eukaryota,Chordata,Actinopteri,Cyprinodontiformes,Fundulidae,,,86.9,2,0,0,84,0,0,0,0,1270,10474,0,0,311,1553,0,743,526,5546,0,0
MiFishU,ESV_015498,CACCGCGGTTAGACGAGAGGCCCTAGTTGATATTACAACGGCGTAAAGGGTGGTTAAGGATAAATAAAAATAAAGTCAAATGGCCCCTTGGCCGTCATACGCTTCTAGGCGTCCGAAGCCCTAATACGAAAGTAACTTTAATGAACCCACCTGACCCCACGAAAGCTGAGGAA,Eukaryota,Chordata,Actinopteri,Cypriniformes,,,,100,11,0,542,0,0,0,255,0,0,0,8784,0,0,0,0,1386,0,6277,0,0
MiFishU,ESV_009594,CACCGCGGTTATACGAGAGGCCCAAGTTGATAAAATACGGCGTAAAGCGTGGTTAAAAGCCCCCACTAAACTAAGACTAAACCTTTCCAAAGCTGTTATACGCACCCGGAAATATGAAACTCAACTACGAAAGTGGCCTTAATTTCCCCTTGACCCCACGAAAGCTGCGAAA,Eukaryota,Chordata,Actinopteri,Cyprinodontiformes,Poeciliidae,Gambusia,Gambusia affinis,100,1,0,0,0,0,0,0,0,0,0,0,13083,20,0,0,209,0,0,0,0
MiFishU,ESV_017510,CACCGCGGTTAGACGAGAGGCCCTAGTTGATATTACAACGGCGTAAAGGGTGGTTAAGGATAAACAAAAATAAAGTCAAATGGCCCCTTGGCCGTCATACGCTTCTAGGCGTCCGAAGCCCTAATACGAAAGTAACTTTAATAAACCCACCTGACCCCACGAAAGCTGAGAAA,Eukaryota,Chordata,Actinopteri,Cypriniformes,Cyprinidae,Carassius,,100,4,0,0,0,0,0,317,0,0,0,5024,0,0,0,0,1625,0,3548,0,0
MiFishU,ESV_001067,CACCGCGGTTATACGAGAGGCCCAAGTTGATAGCCAGCGGCGTAAAGAGTGGTTAAGGGAACCCCTTACTAAAGTCGAACGCCTTCAGAGCTGTTATACGTTACCGAAAGCAAGAAGCCCTACTACGAAAGTGACTTTATATTACCTGACTCCACGAAAGCTGTGAAA,Eukaryota,Chordata,Actinopteri,Atheriniformes,Atherinopsidae,Leuresthes,Leuresthes tenuis,92.9,1,0,0,0,0,0,0,0,1814,0,0,0,488,6132,0,1319,0,265,0,0
MiFishU,ESV_019226,CACCGCGGTTATACGAGAGGCCCAAGTTGATGGCCAACGGCGTAAAGGGTGGTTAAGGAATAAGAAAAATAAAGTCGAACGCCCTCAGGGCCGTCATACGCTTCCGAGGGTAAGAAGCCCCACTACGAAAGTGACTTTAGACAACCTGACCCCACGAAAGCTGCGAAA,Eukaryota,Chordata,Actinopteri,Atheriniformes,Atherinopsidae,Menidia,Menidia beryllina,98.8,1,0,0,0,0,0,0,0,0,874,0,0,0,2577,0,1701,0,0,0,0
MiFishU,ESV_039680,AACCGCGGTTAAACGAGAGGCTCTAGTTGATATACTACGGCGTAAAGGGTGGTTAAGGAACAATGTAAAATAAAGCCAAACGGCCCTTTAACTGTTATACGCTTTTAGATGCTAGAGGCCCAAACACGAAAGTAGCTTTAAATTAATTACCTGAACCCACGAAAGCTAAGAAA,Eukaryota,Chordata,Actinopteri,Cypriniformes,Danionidae,Danio,Danio rerio,100,1,2695,0,0,0,0,0,0,0,0,0,0,0,0,0,0,0,0,0,0
MiFishU,ESV_000003,CACCGCGGTCACACGATTAACCCAAGTCAATAGAAGCCGGCGTAAAGAGTGTTTTAGATCACCCCCTCCCCAATAAAGCTAAAACTCACCTGAGTTGTAAAAAACTCCAGTTGACACAAAATAGACTACGAAAGTGGCTTTAACATATCTGAACACACAATAGCTAAGACC,Eukaryota,Chordata,Mammalia,Primates,Hominidae,Homo,Homo sapiens,100,1,0,0,0,0,63,0,0,0,0,0,0,0,0,2262,0,0,0,0,0
MiFishU,ESV_039657,CACCGCGGTTATACGAGAGGCCCAAGTTGACGAACACCGGCGTAAAGCGTGGTTAAGTTAATAAATCACACTAAAGCCAAACATCTTCAAGACTGTTATACGTAACCGAAGACAGGAAGTTCAACCACGAAAGTGGCTTTATCTGATCTGAACCCACGAAAGCTAAGGAA,Eukaryota,Chordata,Actinopteri,Perciformes,Cottidae,Leptocottus,Leptocottus armatus,100,1,0,0,1861,0,0,0,0,0,0,0,0,0,0,0,0,0,0,0,0
MiFishU,ESV_009993,CACCGCGGTTATACCAGAGGCCCAAGTTGATAAAATACGGCGTAAAGCGTGGTTAAAAGCCCCCACTAAACTAAGACTAAACCTTTCCAAAGCTGTTATACGCACCCGGAAATATGAAACTCAACTACGAAAGTGGCCTTAATTTCCCCTTGACCCCACGAAAGCTGCGAAA,Eukaryota,Chordata,Actinopteri,Cyprinodontiformes,Poeciliidae,Gambusia,,99.4,2,0,0,0,0,0,0,0,0,0,0,1726,0,0,0,79,0,0,0,0
MiFishU,ESV_028474,CACCGCGGTCACACGATTAACCCAAGTCAATAGAAGCCGGCGTAAAGAGTGTTTTAGATCACCCCCTCCCCAATAAAGCTAAAACTCACCTGAGTTGTAAAAAACTCCAGCTGACACAAAATAGACTACGAAAGTGGCTTTAACATATCTGAACACACAATAGCTAAGACC,Eukaryota,Chordata,Mammalia,Primates,Hominidae,Homo,Homo sapiens,100,1,0,0,0,0,0,0,802,0,0,0,0,0,0,975,0,0,0,0,0
MiFishU,ESV_068376,CACCGCGGTTATACGAGAGGCCCGAGATGATAGACCCTCGGCGTAAAGAGTGGTTAGAATTAATTTTAACTAAAGCCGAACTGTCTCGAAACTGTTATACGCCTTTGAGAATAGGAATATCTTCTACGAAAGTGGCTTTACTATATTGAACCCACGAAAGCCAGGGTA,Eukaryota,Chordata,Actinopteri,Blenniiformes,Blenniidae,Entomacrodus,Entomacrodus caudofasciatus,89.9,1,0,0,0,0,0,0,1143,0,0,0,0,0,0,0,0,0,0,0,0
MiFishU,ESV_068383,CACCGCGGTTATACGAGAGGCCCAAGTTGGCAAATGCCGGCGTAAAATGTGGTTAATATGACACTTCACTAAAGCTAAACATCTTCAAAGCTGTTATACCCTCATGAAGACAGGAAGACCTCCCACGAAAGTGGCTTTAAACAATATTATTCCACGAAAGCTAGGGAA,Eukaryota,Chordata,Actinopteri,Gobiiformes,Gobiidae,Gillichthys,Gillichthys mirabilis,98.8,1,559,0,0,0,0,0,0,0,0,0,0,0,0,0,0,0,0,0,0
MiFishU,ESV_000989,CACCGCGGTCATACGATTAACCCAAATTAATAGATCCACGGCGTAAAGAGTGTTTAAGAAAAAAAAACCACAATAGAGTTAAATTATAACTAAGCTGTAAAAAGCCCTAGTTAAAATAAAATAACCCACGAAAGTGACTCTAATAATCCTGACACACGATAGCTAGGACC,Eukaryota,Chordata,Mammalia,Artiodactyla,Suidae,Sus,Sus scrofa,100,1,30,0,0,0,0,0,0,0,244,0,0,0,0,0,0,0,0,0,0
MiFishU,ESV_039643,CACCGCGGTTATACGAGAGGCCCAAGTTGACAAATGCCGGCGTAAAATGTGGTTAATATGACACTTCACTAAAGCTAAACATCTTCAAAGCTGTTATACCCTCATGAAGACAGGAAGACCTCCCACGAAAGTGGCTTTAAACAATATTATTCCACGAAAACTAGGGAA,Eukaryota,Chordata,Actinopteri,Gobiiformes,Gobiidae,Gillichthys,Gillichthys mirabilis,98.8,1,0,0,0,0,0,0,0,0,0,0,0,0,0,0,248,0,0,0,0
MiFishU,ESV_039648,CACCGCGGTTATACGAGAGGCCCAAGTTGACAAATGCTGGCGTAAAATGTGGTTAATATGACACTTCACTAAAGCTAAACATCTTCAAAGCTGTTATACCCTCATGAAGACAGGAAGACCTCCCACGAAAGTGGCTTTAAACAATATTATTCCACGAAAGCTAGGGAA,Eukaryota,Chordata,Actinopteri,Gobiiformes,Gobiidae,Gillichthys,Gillichthys mirabilis,98.8,1,0,0,0,0,0,0,0,0,0,0,0,0,153,0,0,0,0,0,0
MiFishU,ESV_068384,GCGTGCTGATAAGCAGAACATTGGAAGCGGACGGACGCCACGCCACCAGCGCCAAAATGATTGAGCCAAACAGTACATGCATGAGATGAAAGCCGGTGAGGAGAAAGTAGAGCTCGAAAAACGCCCCCACAGCTTCGTCGCCCA,,,,,,,,,,143,0,0,0,0,0,0,0,0,0,0,0,0,0,0,0,0,0,0
MiFishU,ESV_068381,ACGTGGGCAATTCGCTCGCGCAGCTGGTGGCGATGGAGAATCATGTCGATGGCGCCGTGCTCCAGCAGGAATTCACTGCGCTGAAAACCCTCGGGAAGTTTCTCGCGAACGGTCTGCTCAATAACCCGCGGGCTGGCAAAGCCGATCAACGCGTTCGGCTCGGCAATATTGAGATCGCCGAGCATGGC,,,,,,,,,,0,0,0,116,0,0,0,0,0,0,0,0,0,0,0,0,0,0,0
MiFishU,ESV_068366,AGGCAATCGTACCGCCCGATGGCGCCTGGGAGCTGACGGGATTGTTGCGGTTAAGCGAAAAGCCCAACTGGACGACGCCGGAACCGGGCAAGGAAGATCGTATCTGGTTCGCGCGCGACACGGAGGCCATGGCTGC,,,,,,,,,,0,0,0,0,0,0,0,0,0,0,0,0,0,0,0,107,0,0,0
MiFishU,ESV_039649,CACCGCGGTTATACGAGAGGCCCAAGTTGATGGCCAACGGCGTAAAGGGTGGTTAAGGAATAAGAAAAATAAAGTCGAACGCCCTCAGGGCCGTCATACGCTTCCGAGGGTAAGAAGCCCCACTACGAAAGTGACTTTAGACAATCTGACCCCACGAAAGCTGCGAAA,Eukaryota,Chordata,Actinopteri,Atheriniformes,Atherinopsidae,Menidia,Menidia beryllina,98.2,1,0,0,0,0,0,0,0,0,0,0,0,0,102,0,0,0,0,0,0
MiFishU,ESV_018056,CACCGCGGTTATACGAGAGGCCCTAGTTGATAACTACCGGCGTAAAGAGTGGTTACGGAAAAATATTTAATAAAGCCGAACACCCCCTCAGCCGTCATACGCACCTGGGGGCACGAAGATCTACTACGAAAGCAGCTTTAATTATACCTGAACCCACGACAGCTACGACA,Eukaryota,Chordata,Actinopteri,Salmoniformes,Salmonidae,Salmo,Salmo salar,100,1,0,0,0,0,0,0,0,0,0,0,0,0,0,0,89,0,0,0,0
MiFishU,ESV_039644,CACCGCGATTAGACGAGAGGCCCTAGTTGATATTACAACGGCGTAAAGGGTGGTTAAGGATAAATAAAAATAAAGTCAAATGGCCCCTTGGCCGTCATACGCTTCTAGGCGTCCGAAGCCCTAATACGAAAGTAACTTTAATGAACCCACCTGACCCCACGAAAGCTGAGGAA,Eukaryota,Chordata,Actinopteri,Cypriniformes,Cyprinidae,Carassius,,99.4,5,0,0,0,0,0,0,0,0,0,0,0,0,0,0,79,0,0,0,0
MiFishU,ESV_068368,CACCGCGGTCACACGATTAACCCAAGTCAATAGAAGCCGGCGTAAAGAGTGTTTTAGATCACCCCCTCCCCAATAAGGCTAAAACTCACCTGAGTTGTAAAAAACTCCAGCTGACACAAAATAGACTACGAAAGTGGCTTTAACATATCTGAACACACAATAGCTAAGACC,Eukaryota,Chordata,Mammalia,Primates,Hominidae,Homo,Homo sapiens,99.4,1,0,0,0,0,0,0,0,0,0,0,0,0,0,59,0,0,0,0,0
MiFishU,ESV_039650,CACCGCGGTTATACGAGAGACCCAAGCTGATAGATGTCGGCGTAAAGAGTGGTTAAGTATCTTAATAGAACTAAAGCCGAACGCCCTCAAGACTGTTATACGTTTCCGAAGGTATGAAGCTCAACTACGAAAGTAACTTTAACTATATCTGATTCCACGAAAGCTGTGAAA,Eukaryota,Chordata,Actinopteri,Mugiliformes,Mugilidae,Mugil,Mugil cephalus,97.7,1,0,0,0,0,0,0,0,0,0,0,0,0,55,0,0,0,0,0,0
MiFishU,ESV_039659,GTTGCTTTGGCGCAGCAAGCACAGCACGCCGGGGTAAAGCGTTTTATCTTTTTAAGTAGCGCTCAGGTTGCCGCAATAAAGAGGCCAGCAAAGCAGGCAGAGTCATTTTATACTCAGGACAATTATGCGTTAAG,,,,,,,,,,0,51,0,0,0,0,0,0,0,0,0,0,0,0,0,0,0,0,0
MiFishU,ESV_068369,CACCGCGGTCACGCGATTAACCCAAGTCAATAGAAGCCGGCGTAAAGAGTGTTTTAGATCACCCCCTCCCCAATAAAGCTAAAACTCACCTGAGTTGTAAAAAACTCCAGCTGACACAAAATAGACTACGAAAGTGGCTTTAACATATCTGAACACACAATAGCTAAGACC,Eukaryota,Chordata,Mammalia,Primates,Hominidae,Homo,Homo sapiens,99.4,1,0,0,0,0,0,0,0,0,0,0,0,0,0,48,0,0,0,0,0
MiFishU,ESV_039651,CACCGCGGTTATACGAGAGGCCCAAGTTGACAGCCAGCGGCGTAAAGAGTGGTTAAGGGAACCCCTTACTAAAGTCGAACGCCTTCAGAGCTGTTATACGTTACCGAAAGCAAGAAGCCCTACTACGAAAGTGACTTTATATTACCTGACTCCACGAAAGCTGTGAAA,Eukaryota,Chordata,Actinopteri,Atheriniformes,Atherinopsidae,Leuresthes,Leuresthes tenuis,92.3,1,0,0,0,0,0,0,0,0,0,0,0,46,0,0,0,0,0,0,0
MiFishU,ESV_039652,CCACAGCCAGCTGGTAGCATCGGTGCCGCCGGACGCACCAAATACATCTTTGCGTACCCGGCCGCGTTCAAGTGAAGCGCCTAAATACAGCGGAGAATTAATAAATGAAATACGTGGCTGATTCAGCCGGTATAAATAGGCCAGGCTGC,,,,,,,,,,0,0,0,0,0,0,0,0,0,37,0,0,0,0,0,0,0,0,0
MiFishU,ESV_023095,CACCGCGGTCACACGATTAACCCAAGTCAATAGAAGCCGGCGTAAGGAGTGTTTTAGATCACCCCCTCCCCAATAAAGCTAAAACTCACCTGAGTTGTAAAAAACTCCAGTTGACACAAAATAGACTACGAAAGTGGCTTTAACATATCTGAACACACAATAGCTAAGACC,Eukaryota,Chordata,Mammalia,Primates,Hominidae,Homo,Homo sapiens,100,1,0,0,0,0,0,0,0,0,0,0,0,0,0,36,0,0,0,0,0
MiFishU,ESV_068375,CACCGCGGTTATACGAGAGGCCCAAGTTGATAGCCAGCGGCGTAAAGAGTGGTTAAGGGAACCCCTTACTAAAGTCGAACGCCTTCAGGGCTGTTATACGTTACCGAAAGCAAGAAGCCCTACTACGAAAGTGACTTTATATTACCTGACTCCACGAAAGCTGTGAAA,Eukaryota,Chordata,Actinopteri,Atheriniformes,Atherinopsidae,Leuresthes,Leuresthes tenuis,92.3,1,0,0,0,0,0,0,0,36,0,0,0,0,0,0,0,0,0,0,0
MiFishU,ESV_039658,ACCGGGATGCCGCGGTTGCGTTCCGCCCAACTGTCCAGCCCGGACAGCAAGCGGTCGAAGGGCAACTGCGTGCCAACGGTTGCGAAAATCATGGTGTCTCCTGTGCGAATGTGTGTCGTCAGATGACCGCACCGCGATACTCGGCACCGGTCAGTTCCGCGACGCGCGGCCATTGCGAGAGCACACGAGA,,,,,,,,,,0,0,24,0,0,0,0,0,0,0,0,0,0,0,0,0,0,0,0
MiFishU,ESV_000837,CACCGCGGTTAGACGAGAGACCCAAGTGGATGGCCCTCGGCGTAAAGAGTGGTTAAGATAATTGTAAACTAAGGCCAAACGACTTTTTAGCTGTTATACGCGCGAGAAGACATGAAGCCCAACTACGAAAGTGGCCTTAAGCCCCTGAGCCCACGAAAGCTAGGACA,Eukaryota,Chordata,Actinopteri,Labriformes,Labridae,Thalassoma,Thalassoma quinquevittatum,100,1,0,0,0,0,0,0,0,0,0,0,0,22,0,0,0,0,0,0,0
MiFishU,ESV_068370,CACCGCGGTTATACGAGAGGCCCAAGTTGACAAATGCCGGCGTAAAATGTGGTTAATATGACACTTCACTAAAGCTAAACATCTTCAAAGCTGTTATACCCTCATGAAGACAGGAAGACCTCCCACGAAAGTGGCTTTAAACAATATTATTCCACGAAAGCTGCGAAA,Eukaryota,Chordata,Actinopteri,Gobiiformes,Gobiidae,Gillichthys,Gillichthys mirabilis,98.8,1,0,0,0,0,0,0,0,0,0,0,22,0,0,0,0,0,0,0,0
MiFishU,ESV_039660,CACCGCGGTTAGACGAGAGGCCCTAGTTGATATTACAATGGCGTAAAGGGTGGTTAAGGATAAATAAAAATAAAGTCAAATGGCCCCTTGGCCGTCATACGCTTCTAGGCGTCCGAAGCCCTAATACGAAAGTAACTTTAATGAACCCACCTGACCCCACGAAAGCTGAGGAA,Eukaryota,Chordata,Actinopteri,Cypriniformes,Cyprinidae,Carassius,,99.4,5,0,21,0,0,0,0,0,0,0,0,0,0,0,0,0,0,0,0,0
MiFishU,ESV_001197,CACCGCGGTCATACGATTAACCCAAATTAATAGATCCACGGCGTAAAGAGTGTTTAAGAAAAAAAAATCACAATAGAGTTAAATTATAACTAAGCTGTAAAAAGCCCTAGTTAAAATAAAATAACCCACGAAAGTGACTCTAATAATCCTGACACACGATAGCTAGGACC,Eukaryota,Chordata,Mammalia,Artiodactyla,Suidae,Sus,Sus scrofa,100,1,0,0,0,0,0,0,19,0,0,0,0,0,0,0,0,0,0,0,0
MiFishU,ESV_039661,CACCGCGGTTAGACGAGAGGCCCTAGTTGATATTACAACGGCGTAAAGGGTGGTTAAGGATAAATAAAAATAAAGTCAAATGGCCCCTTGGCCGTCATACGCTTCTAGGCGTCCGAAGCCCTAATACGAAAGTAACTTTAATGAACCCACCTGACCCCACGAAAGCTGAAGAA,Eukaryota,Chordata,Actinopteri,Cypriniformes,Cyprinidae,Carassius,,99.4,5,0,18,0,0,0,0,0,0,0,0,0,0,0,0,0,0,0,0,0
MiFishU,ESV_068382,CACCGCGGTCACACAAGAGACCCAAATTAACTGTATACGGCGTAAAGAGTGGTATCATGTTATCTTAACAACTAAGACCAAAGTGCAACTAAGCTGTCATAAGCCCAAGATGTACCTAAGACCCCTCTTAAAACGATCTTAGCGCCTTTGATTAATTTAATTCCACGAAAGCTAAGACA,Eukaryota,Chordata,Aves,Charadriiformes,Scolopacidae,Calidris,,96.6,3,0,0,0,18,0,0,0,0,0,0,0,0,0,0,0,0,0,0,0
MiFishU,ESV_039653,AAAGCGGTAAGTTTTTCCCGGGTGAAGCAGCGATTAAAGCCGGCGGCGATCGCCGGCTAGAAAAGCAATTACTGGACAGCGCCGGTGTACGCTCTGCCAATTATCATATTATTAATAATGAAGCCGATTTTAATGCCGCCATCAG,,,,,,,,,,0,0,0,0,0,0,0,0,0,18,0,0,0,0,0,0,0,0,0
MiFishU,ESV_068372,CACCGCGGTTATACGAGAGGCCCAAGTTGATGGCCAACGGCGTAAAGGGTGGTTAAGGAATAAGAAAAATAAAGTCGAACGCCCTCAGGGCCGTCATACGCCTCCGAGGGTAAGAAGCCCCACTACGAAAGTGACTTTAGACAACCTGACCCCACGAAAGCTGCGAAA,Eukaryota,Chordata,Actinopteri,Atheriniformes,Atherinopsidae,Menidia,Menidia beryllina,98.2,1,0,0,0,0,0,0,0,0,17,0,0,0,0,0,0,0,0,0,0
MiFishU,ESV_039654,CACAGCCATGCCGTTACCTGGTCAGCGCTAAGATCAAAGAATGTTGAGGAGAGTGGGGCACAGCCTTCTAGTGAAATGCCATCAAAAGCGGCAAATGGTAGTGCGGCTTTGTCATACACTTCCCATTGATCAATCGCAGCTTCAACTACGTGACCCGGTGTTTGATCCTCAGCCACAAAGGTGATCTTCATATTGGCAGTTGGGTTGA,,,,,,,,,,0,0,0,0,0,0,0,0,0,16,0,0,0,0,0,0,0,0,0
MiFishU,ESV_068373,CACCGCGGTTATACGAGAGGCCCAAGTTGATGGCCAACGGCGTAAAGGGTGGTTAAGGAATAAGAAAAATAAAGTCGAACGCCCTCAGGGCCGTCATACGCTTCCGAGGGTAAGAAGCCCCACTACGAAAGTGACTTTAGACAACCTGACCCCACGAAAGCTGTGGAA,Eukaryota,Chordata,Actinopteri,Atheriniformes,Atherinopsidae,Menidia,Menidia beryllina,97.6,1,0,0,0,0,0,0,0,0,15,0,0,0,0,0,0,0,0,0,0
MiFishU,ESV_018065,CACCGCGGTTATACGAGAGGCCCAAGTTGACAAACACCGGCGTAAAGCGTGGTTAAGTTAATAAATCACACTAAAGCCAAACATCTTCAAGACTGTTATACGTAACCGAAGACAGGAAGTTCAACCACGAAAGTGGCTTTATCTGATCTGAACCCACGAAAGCTAAGGAA,Eukaryota,Chordata,Actinopteri,Perciformes,Cottidae,Leptocottus,Leptocottus armatus,100,1,0,0,0,0,0,0,0,0,0,0,0,0,0,0,15,0,0,0,0
MiFishU,ESV_039646,CACCGCGGTTATACGAGAGGCCCGAGTTGCCAAATGCCGGCGTAAAATGTGGTTAATATGACACTTCACTAAAGCTAAACATCTTCAAAGCTGTTATACCCTCATGAAGACAGGAAGACCTCCCACGAAAGTGGCTTTAAACAATATTATTCCACGAAAGCTAGGGAA,Eukaryota,Chordata,Actinopteri,Gobiiformes,Gobiidae,Gillichthys,Gillichthys mirabilis,98.2,1,0,0,0,0,0,0,0,0,0,0,0,0,0,0,14,0,0,0,0
MiFishU,ESV_068374,CACCGCGGTTAGACGAAAGGCTCAAGCTGATAGTTTTCGGCGTAAAGAGTGGTTAGGGATTTAGAATACTAAAGCTGAAATTTCTCATGGCTGTTATACGCTTCCGAGAATATGAAACACATATACGAAAGTAGCTTTAAATAACCTGACCCCACGAAAGCTGCGAAA,Eukaryota,Chordata,Actinopteri,Cyprinodontiformes,Fundulidae,,,86.3,2,0,0,0,0,0,0,0,0,12,0,0,0,0,0,0,0,0,0,0
MiFishU,ESV_000021,CACCGCGGTTATACGAAAGACCCTAGTTGACAACTACGGCGTAAAGGGTGGTTAAGGGATATATAAAATAAAGCCAAAGACCCTCTAAGCCGTCATACGCACTCCGAAGGTACGAAGTCCCCATACGAAAGTAGCTTTAAATATATAGAACCCTGACTCCACGAAAGCTAAGAAA,Eukaryota,Chordata,Actinopteri,Siluriformes,Ariidae,Ariopsis,Ariopsis seemanni,96,1,0,0,0,0,12,0,0,0,0,0,0,0,0,0,0,0,0,0,0
MiFishU,ESV_039655,GAAAAGGTGCTTTATACGGTCTAAACTCCAAATCGGAATCACAACTGTGAAAGTACCGAATTCGCTGCTCTTCCCAGTTTTTGATCAAAGGTTACCAGCGGTGCGCGAAGGTCCAAGGCCAGCTGGAGGTATGCGGCATCGTAAGCGGTGAGCTTCATGCGGTGAGCAAGTT,,,,,,,,,,0,0,0,0,0,0,0,0,0,12,0,0,0,0,0,0,0,0,0
MiFishU,ESV_068367,CACCGCGGTTAGACGAAAGGCTCAAGCTGATAGTTTTCGGCGTAAAGAGTGGTTAGGGATTTAGAATACTAAAGCTGAAATTTCTCATGGCTGTTATACGCCTCCGAGAATATGAAACACATATACGAAAGTAGCTTTAAATAACCTGACCCCACGAAAGCTGTGGAA,Eukaryota,Chordata,Actinopteri,Cyprinodontiformes,Fundulidae,,,86.9,2,0,0,0,0,0,0,0,0,0,0,0,0,0,0,0,11,0,0,0
MiFishU,ESV_068385,GCGTGCTGATAAGCAGAACATTGGAAGCGGACGGACGCCACGCCACCAGCGCCAAAATGATTGAGCCAAACAGTACATGCATGAGATGAAAGCCGGTGAGGAGAAAGTAGAGCTCGAAAAACGCCCCCACAGCTTCGGCGCCCA,,,,,,,,,,11,0,0,0,0,0,0,0,0,0,0,0,0,0,0,0,0,0,0
MiFishU,ESV_068387,CACCGCGGTTATACGAGAGGCCCAAGTTGGCAAATGCCGGCGTAAAATGTGGTTAATATGACACTTCACTAAAGCTAAACATCTTCAAAGCTGTTATACCCTCATGAAGACAGGAAGACCTCCCACGAAAGTGGCTTTAAACAATATTATTCCACGAAAGCTAGGGAG,Eukaryota,Chordata,Actinopteri,Gobiiformes,Gobiidae,Gillichthys,Gillichthys mirabilis,98.2,1,10,0,0,0,0,0,0,0,0,0,0,0,0,0,0,0,0,0,0
MiFishU,ESV_068386,CACCGCGGTTATACGAGAGGCCCAAGTTGGCAAATGCCGGCGTAAAATGTGGTTAATATGACACTTCACTAAAGCTAAACATCCTCAAAGCTGTTATACCCTCATGAAGACAGGAAGACCTCCCACGAAAGTGGCTTTAAACAATATTATTCCACGAAAGCTAGGGAA,Eukaryota,Chordata,Actinopteri,Gobiiformes,Gobiidae,Gillichthys,Gillichthys mirabilis,98.2,1,10,0,0,0,0,0,0,0,0,0,0,0,0,0,0,0,0,0,0
MiFishU,ESV_039656,ACCCCCTGCTCGCGCAGACTCCGTCCCACCATGCAGCGTGCCGCCACCTTCGCCAGCTGGACACCGACCGCCTTGGAAACGAATGGGACGGTCCGCGAAGCCCTGGGGTTGACCTCGAGGATGTAGATGGCATCACCCTTGATGG,,,,,,,,,,0,0,0,0,0,0,0,0,0,10,0,0,0,0,0,0,0,0,0
MiFishU,ESV_068371,CACCGCGGTTATACGAGAGGCCCAAGTTGATAAAATACGGCGTAAAGCGTGGTTAAAAGCCCCCACTAAACTAAGACTAAACCTTTCCAAAGCTGTTATACGCACCCGGAAATATGAAACTCAACTACGAAAGTGGCCTTAATTTCCCCTTGACCCCACGAAAGCTAGGGAA,Eukaryota,Chordata,Actinopteri,Cyprinodontiformes,Poeciliidae,Gambusia,,98.3,2,0,0,0,0,0,0,0,0,0,0,10,0,0,0,0,0,0,0,0
MiFishU,ESV_068388,GCGTGCTGATAAGCAGAACATTGGAAGCGGACGGACGCCACGCCACCAGCGCCAAAATGATTGAGCCAAACAGTACATGCATGAGACGAAAGCCGGTGAGGAGAAAGTAGAGCTCGAAAAACGCCCCCACAGCTTCGTCGCCCA,,,,,,,,,,9,0,0,0,0,0,0,0,0,0,0,0,0,0,0,0,0,0,0
MiFishU,ESV_039662,GTTGCTTTGGCGCAGCAAGCACAGCACGCCGGGGTAAAGCGTTTTATCTTTTTAAGTAGCGCTCAGGTTGCCGCAATAAAGAGGCCAGCAAAGCAGGCAGAGTCATCTTATACTCAGGACAATTATGCGTTAAG,,,,,,,,,,0,9,0,0,0,0,0,0,0,0,0,0,0,0,0,0,0,0,0
MiFishU,ESV_039663,CATTAACGGCTATTTCCGGACCTATGAAGAAAAAGTCAGCAGCCATAATGGCGAGGAAATCCGCGGCTACCATAAACCCATTATGATTGCTGGTGGCCTGGGTAATATCCGCGCCGATCACGTACAAAAAGGCGAGTTACCGCCCGGTGC,,,,,,,,,,0,8,0,0,0,0,0,0,0,0,0,0,0,0,0,0,0,0,0
