TestId,ESVId,sequence,Kingdom,Phylum,Class,Order,Family,Genus,Species,% match,# species,WS7KZWVL.1,VAVM5TF7.1,GHYRWQ8W.1,A76BYNY4.1,8RHC0YBR.1,6XDCL142.1,1PE37FGF.1,0L0KTXL0.1,1VSWCRMT.0,DTDENWBP.0,
MiFishU,ESV_010047,CACCGCGGTTATACGAGAGGCCCAAGTTGACAAATGCCGGCGTAAAATGTGGTTAATATGACACTTCACTAAAGCTAAACATCTTCAAAGCTGTTATACCCTCATGAAGACAGGAAGACCTCCCACGAAAGTGGCTTTAAACAATATTATTCCACGAAAGCTAGGGAA,Eukaryota,Chordata,Actinopteri,Gobiiformes,Gobiidae,Gillichthys,Gillichthys mirabilis,99.4,1,0,2636,0,0,5308,5127,17310,3626,0,0
MiFishU,ESV_015498,CACCGCGGTTAGACGAGAGGCCCTAGTTGATATTACAACGGCGTAAAGGGTGGTTAAGGATAAATAAAAATAAAGTCAAATGGCCCCTTGGCCGTCATACGCTTCTAGGCGTCCGAAGCCCTAATACGAAAGTAACTTTAATGAACCCACCTGACCCCACGAAAGCTGAGGAA,Eukaryota,Chordata,Actinopteri,Cypriniformes,,,,100,11,542,0,255,8784,0,0,1386,6277,0,0
MiFishU,ESV_017510,CACCGCGGTTAGACGAGAGGCCCTAGTTGATATTACAACGGCGTAAAGGGTGGTTAAGGATAAACAAAAATAAAGTCAAATGGCCCCTTGGCCGTCATACGCTTCTAGGCGTCCGAAGCCCTAATACGAAAGTAACTTTAATAAACCCACCTGACCCCACGAAAGCTGAGAAA,Eukaryota,Chordata,Actinopteri,Cypriniformes,Cyprinidae,Carassius,,100,4,0,0,317,5024,0,0,1625,3548,0,0
MiFishU,ESV_033299,CACCGCGGTTAGACGAAAGGCTCAAGCTGATAGTTTTCGGCGTAAAGAGTGGTTAGGGATTTAGAATACTAAAGCTGAAATTTCTCATGGCTGTTATACGCTTCCGAGAATATGAAACACATATACGAAAGTAGCTTTAAATAACCTGACCCCACGAAAGCTGTGGAA,Eukaryota,Chordata,Actinopteri,Cyprinodontiformes,Fundulidae,,,86.9,2,0,84,0,0,311,1553,743,5546,0,0
MiFishU,ESV_001067,CACCGCGGTTATACGAGAGGCCCAAGTTGATAGCCAGCGGCGTAAAGAGTGGTTAAGGGAACCCCTTACTAAAGTCGAACGCCTTCAGAGCTGTTATACGTTACCGAAAGCAAGAAGCCCTACTACGAAAGTGACTTTATATTACCTGACTCCACGAAAGCTGTGAAA,Eukaryota,Chordata,Actinopteri,Atheriniformes,Atherinopsidae,Leuresthes,Leuresthes tenuis,92.9,1,0,0,0,0,488,6132,1319,265,0,0
MiFishU,ESV_019226,CACCGCGGTTATACGAGAGGCCCAAGTTGATGGCCAACGGCGTAAAGGGTGGTTAAGGAATAAGAAAAATAAAGTCGAACGCCCTCAGGGCCGTCATACGCTTCCGAGGGTAAGAAGCCCCACTACGAAAGTGACTTTAGACAACCTGACCCCACGAAAGCTGCGAAA,Eukaryota,Chordata,Actinopteri,Atheriniformes,Atherinopsidae,Menidia,Menidia beryllina,98.8,1,0,0,0,0,0,2577,1701,0,0,0
MiFishU,ESV_039657,CACCGCGGTTATACGAGAGGCCCAAGTTGACGAACACCGGCGTAAAGCGTGGTTAAGTTAATAAATCACACTAAAGCCAAACATCTTCAAGACTGTTATACGTAACCGAAGACAGGAAGTTCAACCACGAAAGTGGCTTTATCTGATCTGAACCCACGAAAGCTAAGGAA,Eukaryota,Chordata,Actinopteri,Perciformes,Cottidae,Leptocottus,Leptocottus armatus,100,1,0,1861,0,0,0,0,0,0,0,0
MiFishU,ESV_039643,CACCGCGGTTATACGAGAGGCCCAAGTTGACAAATGCCGGCGTAAAATGTGGTTAATATGACACTTCACTAAAGCTAAACATCTTCAAAGCTGTTATACCCTCATGAAGACAGGAAGACCTCCCACGAAAGTGGCTTTAAACAATATTATTCCACGAAAACTAGGGAA,Eukaryota,Chordata,Actinopteri,Gobiiformes,Gobiidae,Gillichthys,Gillichthys mirabilis,98.8,1,0,0,0,0,0,0,248,0,0,0
MiFishU,ESV_009594,CACCGCGGTTATACGAGAGGCCCAAGTTGATAAAATACGGCGTAAAGCGTGGTTAAAAGCCCCCACTAAACTAAGACTAAACCTTTCCAAAGCTGTTATACGCACCCGGAAATATGAAACTCAACTACGAAAGTGGCCTTAATTTCCCCTTGACCCCACGAAAGCTGCGAAA,Eukaryota,Chordata,Actinopteri,Cyprinodontiformes,Poeciliidae,Gambusia,Gambusia affinis,100,1,0,0,0,0,20,0,209,0,0,0
MiFishU,ESV_039648,CACCGCGGTTATACGAGAGGCCCAAGTTGACAAATGCTGGCGTAAAATGTGGTTAATATGACACTTCACTAAAGCTAAACATCTTCAAAGCTGTTATACCCTCATGAAGACAGGAAGACCTCCCACGAAAGTGGCTTTAAACAATATTATTCCACGAAAGCTAGGGAA,Eukaryota,Chordata,Actinopteri,Gobiiformes,Gobiidae,Gillichthys,Gillichthys mirabilis,98.8,1,0,0,0,0,0,153,0,0,0,0
MiFishU,ESV_039649,CACCGCGGTTATACGAGAGGCCCAAGTTGATGGCCAACGGCGTAAAGGGTGGTTAAGGAATAAGAAAAATAAAGTCGAACGCCCTCAGGGCCGTCATACGCTTCCGAGGGTAAGAAGCCCCACTACGAAAGTGACTTTAGACAATCTGACCCCACGAAAGCTGCGAAA,Eukaryota,Chordata,Actinopteri,Atheriniformes,Atherinopsidae,Menidia,Menidia beryllina,98.2,1,0,0,0,0,0,102,0,0,0,0
MiFishU,ESV_018056,CACCGCGGTTATACGAGAGGCCCTAGTTGATAACTACCGGCGTAAAGAGTGGTTACGGAAAAATATTTAATAAAGCCGAACACCCCCTCAGCCGTCATACGCACCTGGGGGCACGAAGATCTACTACGAAAGCAGCTTTAATTATACCTGAACCCACGACAGCTACGACA,Eukaryota,Chordata,Actinopteri,Salmoniformes,Salmonidae,Salmo,Salmo salar,100,1,0,0,0,0,0,0,89,0,0,0
MiFishU,ESV_039644,CACCGCGATTAGACGAGAGGCCCTAGTTGATATTACAACGGCGTAAAGGGTGGTTAAGGATAAATAAAAATAAAGTCAAATGGCCCCTTGGCCGTCATACGCTTCTAGGCGTCCGAAGCCCTAATACGAAAGTAACTTTAATGAACCCACCTGACCCCACGAAAGCTGAGGAA,Eukaryota,Chordata,Actinopteri,Cypriniformes,Cyprinidae,Carassius,,99.4,5,0,0,0,0,0,0,79,0,0,0
MiFishU,ESV_009993,CACCGCGGTTATACCAGAGGCCCAAGTTGATAAAATACGGCGTAAAGCGTGGTTAAAAGCCCCCACTAAACTAAGACTAAACCTTTCCAAAGCTGTTATACGCACCCGGAAATATGAAACTCAACTACGAAAGTGGCCTTAATTTCCCCTTGACCCCACGAAAGCTGCGAAA,Eukaryota,Chordata,Actinopteri,Cyprinodontiformes,Poeciliidae,Gambusia,,99.4,2,0,0,0,0,0,0,79,0,0,0
MiFishU,ESV_039650,CACCGCGGTTATACGAGAGACCCAAGCTGATAGATGTCGGCGTAAAGAGTGGTTAAGTATCTTAATAGAACTAAAGCCGAACGCCCTCAAGACTGTTATACGTTTCCGAAGGTATGAAGCTCAACTACGAAAGTAACTTTAACTATATCTGATTCCACGAAAGCTGTGAAA,Eukaryota,Chordata,Actinopteri,Mugiliformes,Mugilidae,Mugil,Mugil cephalus,97.7,1,0,0,0,0,0,55,0,0,0,0
MiFishU,ESV_039659,GTTGCTTTGGCGCAGCAAGCACAGCACGCCGGGGTAAAGCGTTTTATCTTTTTAAGTAGCGCTCAGGTTGCCGCAATAAAGAGGCCAGCAAAGCAGGCAGAGTCATTTTATACTCAGGACAATTATGCGTTAAG,,,,,,,,,,51,0,0,0,0,0,0,0,0,0
MiFishU,ESV_039651,CACCGCGGTTATACGAGAGGCCCAAGTTGACAGCCAGCGGCGTAAAGAGTGGTTAAGGGAACCCCTTACTAAAGTCGAACGCCTTCAGAGCTGTTATACGTTACCGAAAGCAAGAAGCCCTACTACGAAAGTGACTTTATATTACCTGACTCCACGAAAGCTGTGAAA,Eukaryota,Chordata,Actinopteri,Atheriniformes,Atherinopsidae,Leuresthes,Leuresthes tenuis,92.3,1,0,0,0,0,46,0,0,0,0,0
MiFishU,ESV_039652,CCACAGCCAGCTGGTAGCATCGGTGCCGCCGGACGCACCAAATACATCTTTGCGTACCCGGCCGCGTTCAAGTGAAGCGCCTAAATACAGCGGAGAATTAATAAATGAAATACGTGGCTGATTCAGCCGGTATAAATAGGCCAGGCTGC,,,,,,,,,,0,0,0,37,0,0,0,0,0,0
MiFishU,ESV_039658,ACCGGGATGCCGCGGTTGCGTTCCGCCCAACTGTCCAGCCCGGACAGCAAGCGGTCGAAGGGCAACTGCGTGCCAACGGTTGCGAAAATCATGGTGTCTCCTGTGCGAATGTGTGTCGTCAGATGACCGCACCGCGATACTCGGCACCGGTCAGTTCCGCGACGCGCGGCCATTGCGAGAGCACACGAGA,,,,,,,,,,0,24,0,0,0,0,0,0,0,0
MiFishU,ESV_000837,CACCGCGGTTAGACGAGAGACCCAAGTGGATGGCCCTCGGCGTAAAGAGTGGTTAAGATAATTGTAAACTAAGGCCAAACGACTTTTTAGCTGTTATACGCGCGAGAAGACATGAAGCCCAACTACGAAAGTGGCCTTAAGCCCCTGAGCCCACGAAAGCTAGGACA,Eukaryota,Chordata,Actinopteri,Labriformes,Labridae,Thalassoma,Thalassoma quinquevittatum,100,1,0,0,0,0,22,0,0,0,0,0
MiFishU,ESV_039660,CACCGCGGTTAGACGAGAGGCCCTAGTTGATATTACAATGGCGTAAAGGGTGGTTAAGGATAAATAAAAATAAAGTCAAATGGCCCCTTGGCCGTCATACGCTTCTAGGCGTCCGAAGCCCTAATACGAAAGTAACTTTAATGAACCCACCTGACCCCACGAAAGCTGAGGAA,Eukaryota,Chordata,Actinopteri,Cypriniformes,Cyprinidae,Carassius,,99.4,5,21,0,0,0,0,0,0,0,0,0
MiFishU,ESV_039661,CACCGCGGTTAGACGAGAGGCCCTAGTTGATATTACAACGGCGTAAAGGGTGGTTAAGGATAAATAAAAATAAAGTCAAATGGCCCCTTGGCCGTCATACGCTTCTAGGCGTCCGAAGCCCTAATACGAAAGTAACTTTAATGAACCCACCTGACCCCACGAAAGCTGAAGAA,Eukaryota,Chordata,Actinopteri,Cypriniformes,Cyprinidae,Carassius,,99.4,5,18,0,0,0,0,0,0,0,0,0
MiFishU,ESV_039653,AAAGCGGTAAGTTTTTCCCGGGTGAAGCAGCGATTAAAGCCGGCGGCGATCGCCGGCTAGAAAAGCAATTACTGGACAGCGCCGGTGTACGCTCTGCCAATTATCATATTATTAATAATGAAGCCGATTTTAATGCCGCCATCAG,,,,,,,,,,0,0,0,18,0,0,0,0,0,0
MiFishU,ESV_039654,CACAGCCATGCCGTTACCTGGTCAGCGCTAAGATCAAAGAATGTTGAGGAGAGTGGGGCACAGCCTTCTAGTGAAATGCCATCAAAAGCGGCAAATGGTAGTGCGGCTTTGTCATACACTTCCCATTGATCAATCGCAGCTTCAACTACGTGACCCGGTGTTTGATCCTCAGCCACAAAGGTGATCTTCATATTGGCAGTTGGGTTGA,,,,,,,,,,0,0,0,16,0,0,0,0,0,0
MiFishU,ESV_018065,CACCGCGGTTATACGAGAGGCCCAAGTTGACAAACACCGGCGTAAAGCGTGGTTAAGTTAATAAATCACACTAAAGCCAAACATCTTCAAGACTGTTATACGTAACCGAAGACAGGAAGTTCAACCACGAAAGTGGCTTTATCTGATCTGAACCCACGAAAGCTAAGGAA,Eukaryota,Chordata,Actinopteri,Perciformes,Cottidae,Leptocottus,Leptocottus armatus,100,1,0,0,0,0,0,0,15,0,0,0
MiFishU,ESV_039646,CACCGCGGTTATACGAGAGGCCCGAGTTGCCAAATGCCGGCGTAAAATGTGGTTAATATGACACTTCACTAAAGCTAAACATCTTCAAAGCTGTTATACCCTCATGAAGACAGGAAGACCTCCCACGAAAGTGGCTTTAAACAATATTATTCCACGAAAGCTAGGGAA,Eukaryota,Chordata,Actinopteri,Gobiiformes,Gobiidae,Gillichthys,Gillichthys mirabilis,98.2,1,0,0,0,0,0,0,14,0,0,0
MiFishU,ESV_039655,GAAAAGGTGCTTTATACGGTCTAAACTCCAAATCGGAATCACAACTGTGAAAGTACCGAATTCGCTGCTCTTCCCAGTTTTTGATCAAAGGTTACCAGCGGTGCGCGAAGGTCCAAGGCCAGCTGGAGGTATGCGGCATCGTAAGCGGTGAGCTTCATGCGGTGAGCAAGTT,,,,,,,,,,0,0,0,12,0,0,0,0,0,0
MiFishU,ESV_039656,ACCCCCTGCTCGCGCAGACTCCGTCCCACCATGCAGCGTGCCGCCACCTTCGCCAGCTGGACACCGACCGCCTTGGAAACGAATGGGACGGTCCGCGAAGCCCTGGGGTTGACCTCGAGGATGTAGATGGCATCACCCTTGATGG,,,,,,,,,,0,0,0,10,0,0,0,0,0,0
MiFishU,ESV_039662,GTTGCTTTGGCGCAGCAAGCACAGCACGCCGGGGTAAAGCGTTTTATCTTTTTAAGTAGCGCTCAGGTTGCCGCAATAAAGAGGCCAGCAAAGCAGGCAGAGTCATCTTATACTCAGGACAATTATGCGTTAAG,,,,,,,,,,9,0,0,0,0,0,0,0,0,0
MiFishU,ESV_039663,CATTAACGGCTATTTCCGGACCTATGAAGAAAAAGTCAGCAGCCATAATGGCGAGGAAATCCGCGGCTACCATAAACCCATTATGATTGCTGGTGGCCTGGGTAATATCCGCGCCGATCACGTACAAAAAGGCGAGTTACCGCCCGGTGC,,,,,,,,,,8,0,0,0,0,0,0,0,0,0
