TestId,ESVId,sequence,Kingdom,Phylum,Class,Order,Family,Genus,Species,% match,# species,S034170.1,S034168.1,S034205.0,S034199.0,S034169.0,S034126.0,S034202.0,S034214.0,PSKOYG86.0,S034208.0,CVI9JR2K.0,LLWCAYM3.0,S034173.0,S034149.0,S034158.0,S034127.0,S034210.0,S034174.0,XOCTKIVA.0,RPSYC3SA.0,S034166.0,S034179.0,S034195.0,S034150.0,S034147.0,S034128.0,S034138.0,S034171.0,S034191.0,S034148.0,S034187.0,S034155.0,
12SVert,ESV_002416,CTTAGCCCTAAACTTCAACAATTTAATAACAAAATAGTTTGCCTGAGAACTACTGGCCACCACTTAAAACTCAAAGGACTTGGCGGTACTTTATATCCATCTAGAGGAGCCTGTTCTATAATCGATAAACCCCATTATACCTCACCATCCCTTGCTAATTCAGCCTATATACCGCCATCTTCAGCAAACCTTAAAAAGGAATAAAAGTAAGCAAGAGAATTACCATAAAAACGTTAGGTCAAGGTGTAGCCTATGAGATGGGAAGTAATGGGCTACATTTTCTCAAAGAGAACATTATGATACCCTTATTGAAACATAAGGACAAAGGAGGATTTAGTAGTAAATTAAGAATAGAGAGCTTAATTGAATAGCACACTGAAGTACGTAC,Eukaryota,Chordata,Mammalia,Rodentia,Cricetidae,,,97.2,4,0,464,0,0,0,0,0,0,0,0,0,0,0,0,0,0,0,0,0,0,0,0,0,0,0,0,0,0,0,0,0,0
12SVert,ESV_002417,CCCGGCCCTAAATCCTGATGCCTCCTACAACCAAGGCATCCGCCCGAGCACTACGAGCACAAACGCTTAAAACTCTAAGGACTTGGCGGTACCCCGAACCCACCTAGAGGAGCCTGTCCTGTAATCGATACCCCACGATACACCCGACCACCCCTTGCACAAGCAGCCTACATACCGCCGTCGCCAGTCCACCTCTTGAGAGCCCAACAGTGGACACAAGAGCAAACCCGCTAGCAAGACAGGTCAAGGTATAGCTAATGAGGTGGCAGAGATGGGCTACACTCTCTAGACTAGAGAACTAAACGGACGGGGGCATGAAACTGCCCCCCAAAGGCGGATTTAGCAGTAAAAGTGGCCCCATAAACCCACCTTTAAGAAGGCCCCGGAGTACGTAC,Eukaryota,Chordata,Aves,Strigiformes,Strigidae,Athene,,88.6,2,0,231,0,0,0,0,0,0,0,0,0,0,0,0,0,0,0,0,0,0,0,0,0,0,0,0,0,0,0,0,0,0
12SVert,ESV_002418,CTTAGCCCTAAACTTCAACAATTCAATAACAAAATAGTTTGCCTGAGAACTACTGGCCACCGCTTAAAACTCAAAGGACTTGGCGGTACTTTATATCCATCTAGAGGAGCCTGTTCTATAATCGATAAACCCCGTTATACCTCACCATCCCTTGCTAATTCAGCCTATATACCGCCATCTTCAGCAAACCTTAAAAAGGAATAAAAGTAAGCAAGAGAATTACCATAAAAACGTTAGGTCAAGGTGTAGCCTATGGAATGGGAAGTAATGGGCTACATTTTCTCAAAGAGAACATTACGATACCCTTATTGAAACATAAGGACAAAGGAGGATTTAGTAGTAAATTAAGAATAGAGAGCTTAATTGAATAGCGCAATGAAGTACGTAC,Eukaryota,Chordata,Mammalia,Rodentia,Cricetidae,,,97.9,6,0,214,0,0,0,0,0,0,0,0,0,0,0,0,0,0,0,0,0,0,0,0,0,0,0,0,0,0,0,0,0,0
12SVert,ESV_002419,CTTAGCCCTAAACTTCAACAATTTAATAACAAAATAGTTTGCCTGAGAACTACTGGCCACCACTTAAAACTCAAAGGACTTGGCGGTACTTTATATCCATCTAGAGGAGCCTGTTCTTTAATCGATAAACCCCGTTATACCTCACCATCCCTTGCTAATTCAGCCTATATACCGCCATCTTCAGCAAACCTTAAAAAGGAATAAAAGTAAGCAAGAGAATTACCATAAAAACGTTAGGTCAAGGTCTAGCCTATGAGATGGGAAGTAATGGGCTACATTTTCTCAAAGAGAACATTATGATACCCTTATTGAAACATAAGGACAAAGGAGGATTTAGTAGTAAATTAAGAATAGAGAGCTTAATTGAATAGCGCAATGAAGTACGTAC,Eukaryota,Chordata,Mammalia,Rodentia,Cricetidae,,,97.4,6,0,135,0,0,0,0,0,0,0,0,0,0,0,0,0,0,0,0,0,0,0,0,0,0,0,0,0,0,0,0,0,0
12SVert,ESV_002430,CTTAACTCTAAACTCGAATAGTTAGATCAACAAAACTGTTCACCAGAACACTACAAGCAACAGCTTAAAACTCAAAGGACTTGGCGGTGCTTTATATCCCTCTAAAGGAGGCTGTTCTATAATCGATAAACCCCAATTTACCTCACCACCTCTTGCCCAGCCTAAATACCTCCATCTTCAGCAAACCCTGGAAAGGCCGCAGAGTAAGCACAAGTATCTACATAAAAACTTTAGTTCAAGGTGTAGCCCATGAGGTGGCAAGAAATAGGAACGTTTTCTACATCCAGAAAAATGTCGCGACAACCGTTATGAAATCTAAGGGCTCAAGGAGGATTTAGCAATAAATTGAGAGCAGAGTGTTTAATTGAATAAGGCCATGAAGCATGCAC,Eukaryota,Chordata,Mammalia,Primates,Hominidae,Homo,Homo sapiens,83.6,1,47,0,0,0,0,0,0,0,0,0,0,0,0,0,0,0,0,0,0,0,0,0,0,0,0,0,0,0,0,0,0,0
12SVert,ESV_002431,CTTAACTCTAAACTCGAATAGTTAGATCAACAAAACTGTTCACCAGAACACTACAAGCAACAGCTTAAAACTCAAAGGACTTGACGGTGCTTTATATCCCTCTAAAGGAGGCTGTTCTATAATCGATAAACCCCAATTTACCTCACCACCTCTTGCCCAGCCTAAATACCTCCATCTTCAGCAAACCCTGGAAAGGCCGCAGAGTAAGCACAAGTATCTACATAAAAACTTTAGTTCAAGGTGTAGCCCATGAGGTGGCAAGAAATAGGAACGTTTTCTACATCCAGAAAAATGTCGCGACAACCGTTATGAAATCTAAGGGCTCAAGGAGGATTTAGCAATAAATTGAGAGCAGAGTGTTTAATTGAATAAGGCCATGAAGCATGCAC,Eukaryota,Chordata,Mammalia,Primates,Hominidae,Homo,Homo sapiens,83.4,1,46,0,0,0,0,0,0,0,0,0,0,0,0,0,0,0,0,0,0,0,0,0,0,0,0,0,0,0,0,0,0,0
12SVert,ESV_002420,CTTAGCCCTAAACTTCAACAATTTAATAACAAAATAGTTTGCCTGAGAACTACTGGCCACCACTTAAAACTCAAAGGACTTGGCGGTACTTTATATCCATCTAGAGGAGCCTGTTCTATAATCGATAAACCCCATTATACCTCACCATCCCTTGCTAATTCAGCCTATATACCGCCATCTTCAGCAAACCTTAAAAAGGAATAAAAGTAAGCAAGAGAATTACCATAAAAACGTTAGGTCAAGGTGTAGCCTATGAGATGGGAAGTAATGGGCTACATTTTCTCAAAGAGAACATTATGATACCCTTATTGAAACATAAGGACAAAGGAGGATTTAGTAGTAAATTAAGAATAGAGAGCTTAATTGAATAGCGCAATGAAGTACGTAC,Eukaryota,Chordata,Mammalia,Rodentia,Cricetidae,,,97.7,4,0,28,0,0,0,0,0,0,0,0,0,0,0,0,0,0,0,0,0,0,0,0,0,0,0,0,0,0,0,0,0,0
12SVert,ESV_002421,CTTAGCCCTAAACTTCAACAATTTAATAACAAAATAGTTTGCCTGAGAACTACTGGCCACCACTTAAAACTCAAAGGACTTGGCGGTACTTTATATCCATCTAGAGGAGCCTGTTCTATAACCGATAAACCCCATTATACCTCACCATCCCTTGCTAATTCAGCCTATATACCGCCATCTTCAGCAAACCTTAAAAAGGAATAAAAGTAAGCAAGAGAATTACCATAAAAACGTTAGGTCAAGGTGTAGCCTATGAGATGGGAAGTAATGGGCTACATTTTCTCAAAGAGAACATTATGATACCCTTATTGAAACATAAGGACAAAGGAGGATTTAGTAGTAAATTAAGAATAGAGAGCTTAATTGAATAGCACACTGAAGTACGTAC,Eukaryota,Chordata,Mammalia,Rodentia,Cricetidae,,,96.9,6,0,24,0,0,0,0,0,0,0,0,0,0,0,0,0,0,0,0,0,0,0,0,0,0,0,0,0,0,0,0,0,0
12SVert,ESV_002422,CTTAGCCCTAAACTTCAACAATTTAATAACAAAATAGTTTGCCTGAGAACTACTGGCCACCACTTAAAACTCAAAGGACTTGGCGGTACTTTATATCCATCTAGAGGAGCCTGTTCTATAATCGATAAACCCCATTATGCCTCACCATCCCTTGCTAATTCAGCCTATATACCGCCATCTTCAGCAAACCTTAAAAAGGAATAAAAGTAAGCAAGAGAATTACCATAAAAACGTTAGGTCAAGGTGTAGCCTATGAGATGGGAAGTAATGGGCTACATTTTCTCAAAGAGAACATTATGATACCCTTATTGAAACATAAGGACAAAGGAGGATTTAGTAGTAAATTAAGAATAGAGAGCTTAATTGAATAGCACACTGAAGTACGTAC,Eukaryota,Chordata,Mammalia,Rodentia,Cricetidae,,,96.9,6,0,20,0,0,0,0,0,0,0,0,0,0,0,0,0,0,0,0,0,0,0,0,0,0,0,0,0,0,0,0,0,0
12SVert,ESV_002423,CTTAGCCCTAAACTTCAACAATTTAATAACAAAATAGTTTGCCTGAGAACTACTGGCCACCACTTAAAACTCAAAGGACTTGGCGGTACTTTATATCCATCTAGAGGAGCCTGTTCTTTAATCGATAAACCCCGTTATACCTCACCATCCCTTGCTAATTCAGCCTATATACCGCCATCTTCAGCAAACCTTAAAAAGGAATAAAAGTAAGCAAGAGAATTACCATAAAAACGTTAGGTCAAGGTCTAGCCTATGAGATGGGAAGTAATGGGCTACATTTTCTCAAAGAGAACATTATGATACCCTTATTGAAACATAAGGACAAAGGAGGATTTAGTAGTAAATTAAGAATAGAGAGCTTAATTGAATAGCACACTGAAGTACGTAC,Eukaryota,Chordata,Mammalia,Rodentia,Cricetidae,,,96.9,6,0,17,0,0,0,0,0,0,0,0,0,0,0,0,0,0,0,0,0,0,0,0,0,0,0,0,0,0,0,0,0,0
12SVert,ESV_002424,CTTAGCCCTAAACTTCAACAATTTAATAACAAAATAGTTTGCCTGAGAACTACTGGCCACCACTTAAAACTCAAAGGACTTGGCGGTACTTTATATCCATCTAGAGGAGCCTGTTCTATAATCGATAAACCCCATTATACCTCACCATCCCTTGCTAATTCAGCCTATATACCGCCATCTTCAGCAAACCTTAAAAAGGAATAAAAGTAAGCAAGAGAATTACCATAAAAACGTTAGGTCAAGGTGTAGCCTATGAGATGGGAAGTAATGGGCTACATTTTCTCAAAGAGAACATTATGATACCCTTATTGAAACATAAGGACAAAGGAGGATTTAGTAGTAAATTAAGAATAGAGAGCGTAATTGAATAGCACACTGAAGTACGTAC,Eukaryota,Chordata,Mammalia,Rodentia,Cricetidae,,,96.9,6,0,15,0,0,0,0,0,0,0,0,0,0,0,0,0,0,0,0,0,0,0,0,0,0,0,0,0,0,0,0,0,0
12SVert,ESV_002425,CTTAGCCCTAAACTTCAACAATTTAATAACAAAATAGTTTGCCTGAGAACTACTGGCCACCACTTAAAACTCAAAGGACTTGGCGGTACTTTATATCCATCTAGAGGAGCCTGTTCTTTAATCGATAAACCCCGTTATACCTCACCATCCCTTGCTAATTCAGCCTATATACCGCCATCTTCAGCAAACCTTAAAAAGGAATAAAAGTAAGCAAGAGAATTACCATAAAAACGTTAGGTCAAGGTGTAGCCTATGAGATGGGAAGTAATGGGCTACATTTTCTCAAAGAGAACATTATGATACCCTTATTGAAACATAAGGACAAAGGAGGATTTAGTAGTAAATTAAGAATAGAGAGCTTAATTGAATAGCACACTGAAGTACGTAC,Eukaryota,Chordata,Mammalia,Rodentia,Cricetidae,,,97.2,4,0,10,0,0,0,0,0,0,0,0,0,0,0,0,0,0,0,0,0,0,0,0,0,0,0,0,0,0,0,0,0,0
12SVert,ESV_002426,CTTAGCCCTAAACTTCAACAATTCAATAACAAAATAGTTTGCCTGAGAACTACTGGCCACCGCTTAAAACTCAAAGGACTTGGCGGTACTTTATATCCATCTAGAGGAGCCTGTTCTATAATCGATAAACCCCGTTATACCTCACCATCCCTTGCTAATTCAGCCTATATACCGCCATCTTCAGCAAACCTTAAAAAGGAATAAAAGTAAGCAAGAGAATTACCATAAAAACGTTAGGTCAAGGTGTAGCCTATGGAATGGGAAGTAATGGGCTACATTTTCTCGAAGAGAACATTACGATACCCTTATTGAAACATAAGGACAAAGGAGGATTTAGTAGTAAATTAAGAATAGAGAGCTTAATTGAATAGCGCAATGAAGTACGTAC,Eukaryota,Chordata,Mammalia,Rodentia,Cricetidae,,,97.7,4,0,9,0,0,0,0,0,0,0,0,0,0,0,0,0,0,0,0,0,0,0,0,0,0,0,0,0,0,0,0,0,0
12SVert,ESV_002427,CTTAGCCCTAAACTTCAACAATTTAATAACAAAATAGTTTGCCTGAGAACTACTGGCCACCACTTAAAACTCAAAGGACTTGGCGGTACTTTATATCCATCTAGAGGAGCCTGTTCTTTAATCGATAAACCCCGTTATACCTCACCATCCCTTGCTAATTCAGCCTATATACCGCCATCTTCAGCAAACCTTAAAAAGGAATAAAAGTAAGCAAGAGAATTACCATAAAAACGTTAGGTCAAGGTCTAGCCTATGAGATGGGAAGTAATGGGCTACGTTTTCTCAAAGAGAACATTATGATACCCTTATTGAAACATAAGGACAAAGGAGGATTTAGTAGTAAATTAAGAATAGAGAGCTTAATTGAATAGCGCAATGAAGTACGTAC,Eukaryota,Chordata,Mammalia,Rodentia,Cricetidae,,,97.2,4,0,9,0,0,0,0,0,0,0,0,0,0,0,0,0,0,0,0,0,0,0,0,0,0,0,0,0,0,0,0,0,0
12SVert,ESV_002429,CTTAGCCCTAAACTTCAACAATTTAATAACAAAATAGTTTGCCTGAGAACTACTGGCCACCACTTAAAACTCAAAGGACTTGGCGGTACTTTATATCCATCTAGAGGAGCCTGTTCTATAATCGATAAACCCCATTATACCTCACCATCCCTTGCTAATTCAGCCTATATACCGCCATCTTCAGCAAACCTTAAAAAGGAATAAAAGTAAGCAAGAGAATTACCATAAAAACGTTAGGTCAAGGTGTAGCCTATGAGATGGGAAGTAATGGGCTACATTTTCTCAAAGAGAACATTATGATACCCTTATCGAAACATAAGGACAAAGGAGGATTTAGTAGTAAATTAAGAATAGAGAGCTTAATTGAATAGCACACTGAAGTACGTAC,Eukaryota,Chordata,Mammalia,Rodentia,Cricetidae,,,96.9,6,0,8,0,0,0,0,0,0,0,0,0,0,0,0,0,0,0,0,0,0,0,0,0,0,0,0,0,0,0,0,0,0
12SVert,ESV_002428,CTTAGCCCTAAACTTCAACAATTTAATAACAAAATAGTTTGCCTGAGAACTACTGGCCACCACTTAAAACTCAGAGGACTTGGCGGTACTTTATATCCATCTAGAGGAGCCTGTTCTATAATCGATAAACCCCATTATACCTCACCATCCCTTGCTAATTCAGCCTATATACCGCCATCTTCAGCAAACCTTAAAAAGGAATAAAAGTAAGCAAGAGAATTACCATAAAAACGTTAGGTCAAGGTGTAGCCTATGAGATGGGAAGTAATGGGCTACATTTTCTCAAAGAGAACATTATGATACCCTTATTGAAACATAAGGACAAAGGAGGATTTAGTAGTAAATTAAGAATAGAGAGCTTAATTGAATAGCACACTGAAGTACGTAC,Eukaryota,Chordata,Mammalia,Rodentia,Cricetidae,,,96.9,6,0,8,0,0,0,0,0,0,0,0,0,0,0,0,0,0,0,0,0,0,0,0,0,0,0,0,0,0,0,0,0,0
